SM,plate,celltype,sample_type,sort_type
fetal_after_5_E12,fetal_after_5_E12,fetal_after,graft,fetal,size
fetal_after_3_B12,fetal_after_3_B12,fetal_after,graft,fetal,size
fetal_after_3_A12,fetal_after_3_A12,fetal_after,graft,fetal,size
fetal_after_4_A3,fetal_after_4_A3,fetal_after,graft,fetal,size
fetal_after_4_B2,fetal_after_4_B2,fetal_after,graft,fetal,size
fetal_after_5_A6,fetal_after_5_A6,fetal_after,graft,fetal,size
fetal_after_2_B12,fetal_after_2_B12,fetal_after,graft,fetal,size
fetal_after_2_E8,fetal_after_2_E8,fetal_after,graft,fetal,size
fetal_after_1_F9,fetal_after_1_F9,fetal_after,graft,fetal,size
fetal_after_1_C9,fetal_after_1_C9,fetal_after,graft,fetal,size
fetal_after_5_C2,fetal_after_5_C2,fetal_after,graft,fetal,size
fetal_after_3_E6,fetal_after_3_E6,fetal_after,graft,fetal,size
fetal_after_1_D5,fetal_after_1_D5,fetal_after,graft,fetal,size
fetal_after_1_D6,fetal_after_1_D6,fetal_after,graft,fetal,size
fetal_after_3_G12,fetal_after_3_G12,fetal_after,graft,fetal,size
fetal_after_3_F12,fetal_after_3_F12,fetal_after,graft,fetal,size
fetal_after_4_C1,fetal_after_4_C1,fetal_after,graft,fetal,size
fetal_after_3_F7,fetal_after_3_F7,fetal_after,graft,fetal,size
fetal_after_5_D11,fetal_after_5_D11,fetal_after,graft,fetal,size
fetal_after_5_E5,fetal_after_5_E5,fetal_after,graft,fetal,size
fetal_after_2_A7,fetal_after_2_A7,fetal_after,graft,fetal,size
fetal_after_1_D8,fetal_after_1_D8,fetal_after,graft,fetal,size
fetal_after_1_B8,fetal_after_1_B8,fetal_after,graft,fetal,size
fetal_after_2_C3,fetal_after_2_C3,fetal_after,graft,fetal,size
fetal_after_2_E2,fetal_after_2_E2,fetal_after,graft,fetal,size
fetal_after_3_C6,fetal_after_3_C6,fetal_after,graft,fetal,size
fetal_after_2_C6,fetal_after_2_C6,fetal_after,graft,fetal,size
fetal_after_4_D4,fetal_after_4_D4,fetal_after,graft,fetal,size
fetal_after_2_A12,fetal_after_2_A12,fetal_after,graft,fetal,size
fetal_after_3_D7,fetal_after_3_D7,fetal_after,graft,fetal,size
fetal_after_5_H2,fetal_after_5_H2,fetal_after,graft,fetal,size
fetal_after_3_B6,fetal_after_3_B6,fetal_after,graft,fetal,size
fetal_after_1_E4,fetal_after_1_E4,fetal_after,graft,fetal,size
fetal_after_2_B5,fetal_after_2_B5,fetal_after,graft,fetal,size
fetal_after_4_C9,fetal_after_4_C9,fetal_after,graft,fetal,size
fetal_after_4_D8,fetal_after_4_D8,fetal_after,graft,fetal,size
fetal_after_1_B5,fetal_after_1_B5,fetal_after,graft,fetal,size
fetal_after_5_A8,fetal_after_5_A8,fetal_after,graft,fetal,size
fetal_after_5_G9,fetal_after_5_G9,fetal_after,graft,fetal,size
fetal_after_3_D10,fetal_after_3_D10,fetal_after,graft,fetal,size
fetal_after_3_H10,fetal_after_3_H10,fetal_after,graft,fetal,size
fetal_after_3_F10,fetal_after_3_F10,fetal_after,graft,fetal,size
fetal_after_1_F7,fetal_after_1_F7,fetal_after,graft,fetal,size
fetal_after_1_G10,fetal_after_1_G10,fetal_after,graft,fetal,size
fetal_after_1_A11,fetal_after_1_A11,fetal_after,graft,fetal,size
fetal_after_3_A1,fetal_after_3_A1,fetal_after,graft,fetal,size
fetal_after_1_C12,fetal_after_1_C12,fetal_after,graft,fetal,size
fetal_after_1_A12,fetal_after_1_A12,fetal_after,graft,fetal,size
fetal_after_1_F3,fetal_after_1_F3,fetal_after,graft,fetal,size
fetal_after_5_C10,fetal_after_5_C10,fetal_after,graft,fetal,size
fetal_after_2_D9,fetal_after_2_D9,fetal_after,graft,fetal,size
fetal_after_3_H9,fetal_after_3_H9,fetal_after,graft,fetal,size
fetal_after_5_F10,fetal_after_5_F10,fetal_after,graft,fetal,size
fetal_after_2_C10,fetal_after_2_C10,fetal_after,graft,fetal,size
fetal_after_2_D10,fetal_after_2_D10,fetal_after,graft,fetal,size
fetal_after_1_D7,fetal_after_1_D7,fetal_after,graft,fetal,size
fetal_after_1_A7,fetal_after_1_A7,fetal_after,graft,fetal,size
fetal_after_4_A6,fetal_after_4_A6,fetal_after,graft,fetal,size
fetal_after_4_E6,fetal_after_4_E6,fetal_after,graft,fetal,size
fetal_after_1_F2,fetal_after_1_F2,fetal_after,graft,fetal,size
fetal_after_1_F1,fetal_after_1_F1,fetal_after,graft,fetal,size
fetal_after_1_G1,fetal_after_1_G1,fetal_after,graft,fetal,size
fetal_after_1_C2,fetal_after_1_C2,fetal_after,graft,fetal,size
fetal_before_2_H4,fetal_before_2_H4,fetal_before,Culture,fetal,size
fetal_before_2_F4,fetal_before_2_F4,fetal_before,Culture,fetal,size
fetal_before_5_D8,fetal_before_5_D8,fetal_before,Culture,fetal,size
fetal_before_5_C8,fetal_before_5_C8,fetal_before,Culture,fetal,size
fetal_before_3_H5,fetal_before_3_H5,fetal_before,Culture,fetal,size
fetal_before_3_A6,fetal_before_3_A6,fetal_before,Culture,fetal,size
fetal_before_3_F5,fetal_before_3_F5,fetal_before,Culture,fetal,size
fetal_before_3_G5,fetal_before_3_G5,fetal_before,Culture,fetal,size
fetal_before_3_D5,fetal_before_3_D5,fetal_before,Culture,fetal,size
fetal_before_3_E5,fetal_before_3_E5,fetal_before,Culture,fetal,size
fetal_before_3_B5,fetal_before_3_B5,fetal_before,Culture,fetal,size
fetal_before_2_F5,fetal_before_2_F5,fetal_before,Culture,fetal,size
fetal_before_2_E5,fetal_before_2_E5,fetal_before,Culture,fetal,size
fetal_before_2_D5,fetal_before_2_D5,fetal_before,Culture,fetal,size
fetal_before_2_A5,fetal_before_2_A5,fetal_before,Culture,fetal,size
fetal_before_5_F9,fetal_before_5_F9,fetal_before,Culture,fetal,size
fetal_before_5_E1,fetal_before_5_E1,fetal_before,Culture,fetal,size
fetal_before_5_C1,fetal_before_5_C1,fetal_before,Culture,fetal,size
fetal_before_5_B1,fetal_before_5_B1,fetal_before,Culture,fetal,size
fetal_before_5_A2,fetal_before_5_A2,fetal_before,Culture,fetal,size
fetal_before_5_H1,fetal_before_5_H1,fetal_before,Culture,fetal,size
fetal_before_5_C2,fetal_before_5_C2,fetal_before,Culture,fetal,size
fetal_before_5_B2,fetal_before_5_B2,fetal_before,Culture,fetal,size
fetal_before_2_A7,fetal_before_2_A7,fetal_before,Culture,fetal,size
fetal_before_2_C6,fetal_before_2_C6,fetal_before,Culture,fetal,size
fetal_before_2_H5,fetal_before_2_H5,fetal_before,Culture,fetal,size
fetal_before_2_F6,fetal_before_2_F6,fetal_before,Culture,fetal,size
fetal_before_2_G6,fetal_before_2_G6,fetal_before,Culture,fetal,size
fetal_before_2_E6,fetal_before_2_E6,fetal_before,Culture,fetal,size
fetal_before_5_A9,fetal_before_5_A9,fetal_before,Culture,fetal,size
fetal_before_5_F8,fetal_before_5_F8,fetal_before,Culture,fetal,size
fetal_before_5_B11,fetal_before_5_B11,fetal_before,Culture,fetal,size
fetal_before_2_G2,fetal_before_2_G2,fetal_before,Culture,fetal,size
fetal_before_2_F2,fetal_before_2_F2,fetal_before,Culture,fetal,size
fetal_before_2_A3,fetal_before_2_A3,fetal_before,Culture,fetal,size
fetal_before_2_H2,fetal_before_2_H2,fetal_before,Culture,fetal,size
fetal_before_2_C2,fetal_before_2_C2,fetal_before,Culture,fetal,size
fetal_before_2_B2,fetal_before_2_B2,fetal_before,Culture,fetal,size
fetal_before_2_E2,fetal_before_2_E2,fetal_before,Culture,fetal,size
fetal_before_2_D2,fetal_before_2_D2,fetal_before,Culture,fetal,size
fetal_before_2_C3,fetal_before_2_C3,fetal_before,Culture,fetal,size
fetal_before_2_B3,fetal_before_2_B3,fetal_before,Culture,fetal,size
fetal_before_5_B8,fetal_before_5_B8,fetal_before,Culture,fetal,size
fetal_before_3_C1,fetal_before_3_C1,fetal_before,Culture,fetal,size
fetal_before_5_G5,fetal_before_5_G5,fetal_before,Culture,fetal,size
fetal_before_5_F5,fetal_before_5_F5,fetal_before,Culture,fetal,size
fetal_before_5_D5,fetal_before_5_D5,fetal_before,Culture,fetal,size
fetal_before_5_B5,fetal_before_5_B5,fetal_before,Culture,fetal,size
fetal_before_5_H4,fetal_before_5_H4,fetal_before,Culture,fetal,size
fetal_before_4_D12,fetal_before_4_D12,fetal_before,Culture,fetal,size
fetal_before_4_F12,fetal_before_4_F12,fetal_before,Culture,fetal,size
fetal_before_4_G12,fetal_before_4_G12,fetal_before,Culture,fetal,size
fetal_before_4_A12,fetal_before_4_A12,fetal_before,Culture,fetal,size
fetal_before_5_E7,fetal_before_5_E7,fetal_before,Culture,fetal,size
fetal_before_5_D7,fetal_before_5_D7,fetal_before,Culture,fetal,size
fetal_before_5_G7,fetal_before_5_G7,fetal_before,Culture,fetal,size
fetal_before_4_D10,fetal_before_4_D10,fetal_before,Culture,fetal,size
fetal_before_4_B10,fetal_before_4_B10,fetal_before,Culture,fetal,size
fetal_before_4_H9,fetal_before_4_H9,fetal_before,Culture,fetal,size
fetal_before_4_D9,fetal_before_4_D9,fetal_before,Culture,fetal,size
fetal_before_2_H9,fetal_before_2_H9,fetal_before,Culture,fetal,size
fetal_before_2_G9,fetal_before_2_G9,fetal_before,Culture,fetal,size
fetal_before_2_F9,fetal_before_2_F9,fetal_before,Culture,fetal,size
fetal_before_2_E10,fetal_before_2_E10,fetal_before,Culture,fetal,size
fetal_before_2_G11,fetal_before_2_G11,fetal_before,Culture,fetal,size
fetal_before_2_D11,fetal_before_2_D11,fetal_before,Culture,fetal,size
fetal_before_2_E11,fetal_before_2_E11,fetal_before,Culture,fetal,size
fetal_before_2_C11,fetal_before_2_C11,fetal_before,Culture,fetal,size
fetal_before_2_H10,fetal_before_2_H10,fetal_before,Culture,fetal,size
fetal_before_2_A11,fetal_before_2_A11,fetal_before,Culture,fetal,size
fetal_before_2_F11,fetal_before_2_F11,fetal_before,Culture,fetal,size
fetal_before_2_G1,fetal_before_2_G1,fetal_before,Culture,fetal,size
fetal_before_2_D1,fetal_before_2_D1,fetal_before,Culture,fetal,size
fetal_before_2_E1,fetal_before_2_E1,fetal_before,Culture,fetal,size
fetal_before_2_B1,fetal_before_2_B1,fetal_before,Culture,fetal,size
fetal_before_2_D12,fetal_before_2_D12,fetal_before,Culture,fetal,size
fetal_before_4_H3,fetal_before_4_H3,fetal_before,Culture,fetal,size
fetal_before_4_G3,fetal_before_4_G3,fetal_before,Culture,fetal,size
fetal_before_4_F3,fetal_before_4_F3,fetal_before,Culture,fetal,size
fetal_before_2_E9,fetal_before_2_E9,fetal_before,Culture,fetal,size
fetal_before_2_F12,fetal_before_2_F12,fetal_before,Culture,fetal,size
fetal_before_4_G1,fetal_before_4_G1,fetal_before,Culture,fetal,size
fetal_before_3_D7,fetal_before_3_D7,fetal_before,Culture,fetal,size
fetal_before_3_E7,fetal_before_3_E7,fetal_before,Culture,fetal,size
fetal_before_3_E3,fetal_before_3_E3,fetal_before,Culture,fetal,size
fetal_before_5_A8,fetal_before_5_A8,fetal_before,Culture,fetal,size
fetal_before_5_H7,fetal_before_5_H7,fetal_before,Culture,fetal,size
fetal_before_4_D2,fetal_before_4_D2,fetal_before,Culture,fetal,size
fetal_before_4_G2,fetal_before_4_G2,fetal_before,Culture,fetal,size
fetal_before_4_A2,fetal_before_4_A2,fetal_before,Culture,fetal,size
fetal_before_4_B2,fetal_before_4_B2,fetal_before,Culture,fetal,size
fetal_before_4_C2,fetal_before_4_C2,fetal_before,Culture,fetal,size
fetal_before_4_H2,fetal_before_4_H2,fetal_before,Culture,fetal,size
fetal_before_3_F6,fetal_before_3_F6,fetal_before,Culture,fetal,size
fetal_before_3_A7,fetal_before_3_A7,fetal_before,Culture,fetal,size
fetal_before_2_D3,fetal_before_2_D3,fetal_before,Culture,fetal,size
fetal_before_2_E3,fetal_before_2_E3,fetal_before,Culture,fetal,size
fetal_before_2_H3,fetal_before_2_H3,fetal_before,Culture,fetal,size
fetal_before_2_B4,fetal_before_2_B4,fetal_before,Culture,fetal,size
fetal_before_5_F3,fetal_before_5_F3,fetal_before,Culture,fetal,size
fetal_before_5_G4,fetal_before_5_G4,fetal_before,Culture,fetal,size
fetal_before_5_E4,fetal_before_5_E4,fetal_before,Culture,fetal,size
fetal_before_5_B4,fetal_before_5_B4,fetal_before,Culture,fetal,size
fetal_before_5_C4,fetal_before_5_C4,fetal_before,Culture,fetal,size
fetal_before_5_G3,fetal_before_5_G3,fetal_before,Culture,fetal,size
fetal_before_5_F11,fetal_before_5_F11,fetal_before,Culture,fetal,size
fetal_before_5_G11,fetal_before_5_G11,fetal_before,Culture,fetal,size
fetal_before_5_H8,fetal_before_5_H8,fetal_before,Culture,fetal,size
fetal_before_5_G8,fetal_before_5_G8,fetal_before,Culture,fetal,size
fetal_before_5_E9,fetal_before_5_E9,fetal_before,Culture,fetal,size
fetal_before_5_C9,fetal_before_5_C9,fetal_before,Culture,fetal,size
fetal_before_4_E3,fetal_before_4_E3,fetal_before,Culture,fetal,size
fetal_before_4_D3,fetal_before_4_D3,fetal_before,Culture,fetal,size
fetal_before_4_C3,fetal_before_4_C3,fetal_before,Culture,fetal,size
fetal_before_5_G9,fetal_before_5_G9,fetal_before,Culture,fetal,size
fetal_before_4_A4,fetal_before_4_A4,fetal_before,Culture,fetal,size
fetal_before_5_C6,fetal_before_5_C6,fetal_before,Culture,fetal,size
fetal_before_5_D6,fetal_before_5_D6,fetal_before,Culture,fetal,size
fetal_before_5_E6,fetal_before_5_E6,fetal_before,Culture,fetal,size
fetal_before_5_F6,fetal_before_5_F6,fetal_before,Culture,fetal,size
fetal_before_5_G6,fetal_before_5_G6,fetal_before,Culture,fetal,size
fetal_before_5_H6,fetal_before_5_H6,fetal_before,Culture,fetal,size
fetal_before_5_A7,fetal_before_5_A7,fetal_before,Culture,fetal,size
fetal_before_5_B7,fetal_before_5_B7,fetal_before,Culture,fetal,size
fetal_before_5_C7,fetal_before_5_C7,fetal_before,Culture,fetal,size
fetal_before_2_H11,fetal_before_2_H11,fetal_before,Culture,fetal,size
fetal_before_2_A12,fetal_before_2_A12,fetal_before,Culture,fetal,size
fetal_before_3_H1,fetal_before_3_H1,fetal_before,Culture,fetal,size
fetal_before_3_G1,fetal_before_3_G1,fetal_before,Culture,fetal,size
fetal_before_3_D1,fetal_before_3_D1,fetal_before,Culture,fetal,size
fetal_before_3_D12,fetal_before_3_D12,fetal_before,Culture,fetal,size
fetal_before_4_G4,fetal_before_4_G4,fetal_before,Culture,fetal,size
fetal_before_4_D4,fetal_before_4_D4,fetal_before,Culture,fetal,size
fetal_before_4_E4,fetal_before_4_E4,fetal_before,Culture,fetal,size
fetal_before_4_B5,fetal_before_4_B5,fetal_before,Culture,fetal,size
fetal_before_4_A5,fetal_before_4_A5,fetal_before,Culture,fetal,size
fetal_before_4_E5,fetal_before_4_E5,fetal_before,Culture,fetal,size
fetal_before_3_D8,fetal_before_3_D8,fetal_before,Culture,fetal,size
fetal_before_3_E8,fetal_before_3_E8,fetal_before,Culture,fetal,size
fetal_before_4_F1,fetal_before_4_F1,fetal_before,Culture,fetal,size
fetal_before_4_H12,fetal_before_4_H12,fetal_before,Culture,fetal,size
fetal_before_3_D9,fetal_before_3_D9,fetal_before,Culture,fetal,size
fetal_before_5_A1,fetal_before_5_A1,fetal_before,Culture,fetal,size
fetal_before_3_A10,fetal_before_3_A10,fetal_before,Culture,fetal,size
fetal_before_3_G9,fetal_before_3_G9,fetal_before,Culture,fetal,size
fetal_before_3_A9,fetal_before_3_A9,fetal_before,Culture,fetal,size
fetal_before_3_C9,fetal_before_3_C9,fetal_before,Culture,fetal,size
fetal_before_3_B9,fetal_before_3_B9,fetal_before,Culture,fetal,size
fetal_before_3_E9,fetal_before_3_E9,fetal_before,Culture,fetal,size
fetal_before_3_F9,fetal_before_3_F9,fetal_before,Culture,fetal,size
fetal_before_2_C8,fetal_before_2_C8,fetal_before,Culture,fetal,size
fetal_before_3_H12,fetal_before_3_H12,fetal_before,Culture,fetal,size
fetal_before_4_A1,fetal_before_4_A1,fetal_before,Culture,fetal,size
fetal_before_4_C1,fetal_before_4_C1,fetal_before,Culture,fetal,size
fetal_before_4_D1,fetal_before_4_D1,fetal_before,Culture,fetal,size
fetal_before_4_E1,fetal_before_4_E1,fetal_before,Culture,fetal,size
fetal_before_2_C7,fetal_before_2_C7,fetal_before,Culture,fetal,size
fetal_before_2_B7,fetal_before_2_B7,fetal_before,Culture,fetal,size
fetal_before_2_E7,fetal_before_2_E7,fetal_before,Culture,fetal,size
fetal_before_3_C2,fetal_before_3_C2,fetal_before,Culture,fetal,size
fetal_before_3_B2,fetal_before_3_B2,fetal_before,Culture,fetal,size
fetal_before_3_E2,fetal_before_3_E2,fetal_before,Culture,fetal,size
fetal_before_3_D4,fetal_before_3_D4,fetal_before,Culture,fetal,size
fetal_before_2_C1,fetal_before_2_C1,fetal_before,Culture,fetal,size
fetal_before_3_C4,fetal_before_3_C4,fetal_before,Culture,fetal,size
fetal_before_3_G4,fetal_before_3_G4,fetal_before,Culture,fetal,size
fetal_before_5_A6,fetal_before_5_A6,fetal_before,Culture,fetal,size
fetal_before_5_H5,fetal_before_5_H5,fetal_before,Culture,fetal,size
fetal_before_5_H9,fetal_before_5_H9,fetal_before,Culture,fetal,size
fetal_before_5_G10,fetal_before_5_G10,fetal_before,Culture,fetal,size
fetal_before_5_F10,fetal_before_5_F10,fetal_before,Culture,fetal,size
fetal_before_4_H8,fetal_before_4_H8,fetal_before,Culture,fetal,size
fetal_before_4_G8,fetal_before_4_G8,fetal_before,Culture,fetal,size
fetal_before_4_B9,fetal_before_4_B9,fetal_before,Culture,fetal,size
fetal_before_4_D8,fetal_before_4_D8,fetal_before,Culture,fetal,size
fetal_before_4_B12,fetal_before_4_B12,fetal_before,Culture,fetal,size
fetal_before_4_C12,fetal_before_4_C12,fetal_before,Culture,fetal,size
fetal_before_5_H11,fetal_before_5_H11,fetal_before,Culture,fetal,size
fetal_before_5_A12,fetal_before_5_A12,fetal_before,Culture,fetal,size
fetal_before_5_C11,fetal_before_5_C11,fetal_before,Culture,fetal,size
fetal_before_5_E11,fetal_before_5_E11,fetal_before,Culture,fetal,size
fetal_before_4_D11,fetal_before_4_D11,fetal_before,Culture,fetal,size
fetal_before_5_B12,fetal_before_5_B12,fetal_before,Culture,fetal,size
fetal_before_4_F10,fetal_before_4_F10,fetal_before,Culture,fetal,size
fetal_before_4_A11,fetal_before_4_A11,fetal_before,Culture,fetal,size
fetal_before_4_H10,fetal_before_4_H10,fetal_before,Culture,fetal,size
fetal_before_2_H12,fetal_before_2_H12,fetal_before,Culture,fetal,size
fetal_before_3_G8,fetal_before_3_G8,fetal_before,Culture,fetal,size
fetal_before_4_G10,fetal_before_4_G10,fetal_before,Culture,fetal,size
fetal_before_5_C12,fetal_before_5_C12,fetal_before,Culture,fetal,size
fetal_before_2_D10,fetal_before_2_D10,fetal_before,Culture,fetal,size
fetal_before_2_C10,fetal_before_2_C10,fetal_before,Culture,fetal,size
fetal_before_2_B10,fetal_before_2_B10,fetal_before,Culture,fetal,size
fetal_before_2_G10,fetal_before_2_G10,fetal_before,Culture,fetal,size
fetal_before_2_F10,fetal_before_2_F10,fetal_before,Culture,fetal,size
fetal_before_3_E10,fetal_before_3_E10,fetal_before,Culture,fetal,size
fetal_before_3_B10,fetal_before_3_B10,fetal_before,Culture,fetal,size
fetal_before_3_C10,fetal_before_3_C10,fetal_before,Culture,fetal,size
fetal_before_3_H10,fetal_before_3_H10,fetal_before,Culture,fetal,size
fetal_before_3_F10,fetal_before_3_F10,fetal_before,Culture,fetal,size
fetal_before_3_G10,fetal_before_3_G10,fetal_before,Culture,fetal,size
fetal_before_4_B4,fetal_before_4_B4,fetal_before,Culture,fetal,size
fetal_before_5_H12,fetal_before_5_H12,fetal_before,Culture,fetal,size
fetal_before_3_B8,fetal_before_3_B8,fetal_before,Culture,fetal,size
fetal_before_3_C8,fetal_before_3_C8,fetal_before,Culture,fetal,size
fetal_before_3_F7,fetal_before_3_F7,fetal_before,Culture,fetal,size
fetal_before_4_F11,fetal_before_4_F11,fetal_before,Culture,fetal,size
fetal_before_5_E3,fetal_before_5_E3,fetal_before,Culture,fetal,size
fetal_before_2_H1,fetal_before_2_H1,fetal_before,Culture,fetal,size
fetal_before_3_H9,fetal_before_3_H9,fetal_before,Culture,fetal,size
fetal_before_5_A3,fetal_before_5_A3,fetal_before,Culture,fetal,size
fetal_before_2_G7,fetal_before_2_G7,fetal_before,Culture,fetal,size
fetal_before_2_F7,fetal_before_2_F7,fetal_before,Culture,fetal,size
fetal_before_3_G2,fetal_before_3_G2,fetal_before,Culture,fetal,size
fetal_before_3_A3,fetal_before_3_A3,fetal_before,Culture,fetal,size
fetal_before_3_B3,fetal_before_3_B3,fetal_before,Culture,fetal,size
fetal_before_3_C3,fetal_before_3_C3,fetal_before,Culture,fetal,size
fetal_before_3_D3,fetal_before_3_D3,fetal_before,Culture,fetal,size
fetal_before_2_C12,fetal_before_2_C12,fetal_before,Culture,fetal,size
fetal_before_2_G5,fetal_before_2_G5,fetal_before,Culture,fetal,size
fetal_before_2_A1,fetal_before_2_A1,fetal_before,Culture,fetal,size
fetal_before_5_F2,fetal_before_5_F2,fetal_before,Culture,fetal,size
fetal_before_5_G2,fetal_before_5_G2,fetal_before,Culture,fetal,size
fetal_before_5_C3,fetal_before_5_C3,fetal_before,Culture,fetal,size
fetal_before_5_D2,fetal_before_5_D2,fetal_before,Culture,fetal,size
fetal_before_4_G5,fetal_before_4_G5,fetal_before,Culture,fetal,size
fetal_before_4_F5,fetal_before_4_F5,fetal_before,Culture,fetal,size
fetal_before_4_E6,fetal_before_4_E6,fetal_before,Culture,fetal,size
fetal_before_4_G6,fetal_before_4_G6,fetal_before,Culture,fetal,size
fetal_before_4_F6,fetal_before_4_F6,fetal_before,Culture,fetal,size
fetal_before_2_C9,fetal_before_2_C9,fetal_before,Culture,fetal,size
fetal_before_2_E8,fetal_before_2_E8,fetal_before,Culture,fetal,size
fetal_before_2_F8,fetal_before_2_F8,fetal_before,Culture,fetal,size
fetal_before_2_G8,fetal_before_2_G8,fetal_before,Culture,fetal,size
fetal_before_4_H6,fetal_before_4_H6,fetal_before,Culture,fetal,size
fetal_before_4_A7,fetal_before_4_A7,fetal_before,Culture,fetal,size
fetal_before_4_B7,fetal_before_4_B7,fetal_before,Culture,fetal,size
fetal_before_4_C7,fetal_before_4_C7,fetal_before,Culture,fetal,size
fetal_before_4_D7,fetal_before_4_D7,fetal_before,Culture,fetal,size
fetal_before_4_G7,fetal_before_4_G7,fetal_before,Culture,fetal,size
fetal_before_5_H10,fetal_before_5_H10,fetal_before,Culture,fetal,size
fetal_before_5_C10,fetal_before_5_C10,fetal_before,Culture,fetal,size
fetal_before_5_B10,fetal_before_5_B10,fetal_before,Culture,fetal,size
fetal_before_5_A10,fetal_before_5_A10,fetal_before,Culture,fetal,size
fetal_before_4_D5,fetal_before_4_D5,fetal_before,Culture,fetal,size
fetal_before_2_D4,fetal_before_2_D4,fetal_before,Culture,fetal,size
fetal_before_2_E4,fetal_before_2_E4,fetal_before,Culture,fetal,size
fetal_before_4_B3,fetal_before_4_B3,fetal_before,Culture,fetal,size
fetal_before_3_G11,fetal_before_3_G11,fetal_before,Culture,fetal,size
fetal_before_3_D11,fetal_before_3_D11,fetal_before,Culture,fetal,size
fetal_before_3_H11,fetal_before_3_H11,fetal_before,Culture,fetal,size
fetal_before_3_C12,fetal_before_3_C12,fetal_before,Culture,fetal,size
fetal_before_5_G12,fetal_before_5_G12,fetal_before,Culture,fetal,size
fetal_before_5_D12,fetal_before_5_D12,fetal_before,Culture,fetal,size
fetal_before_5_F12,fetal_before_5_F12,fetal_before,Culture,fetal,size
fetal_before_2_B9,fetal_before_2_B9,fetal_before,Culture,fetal,size
RC17_after_mesDA_3_C5,RC17_after_mesDA_3_C5,RC17_after_mesDA,graft,ES,GFP
RC17_after_mesDA_18_B2,RC17_after_mesDA_18_B2,RC17_after_mesDA,graft,ES,GFP
RC17_after_mesDA_18_A2,RC17_after_mesDA_18_A2,RC17_after_mesDA,graft,ES,GFP
RC17_after_mesDA_18_F2,RC17_after_mesDA_18_F2,RC17_after_mesDA,graft,ES,GFP
RC17_after_mesDA_18_A3,RC17_after_mesDA_18_A3,RC17_after_mesDA,graft,ES,GFP
RC17_after_mesDA_16_C2,RC17_after_mesDA_16_C2,RC17_after_mesDA,graft,ES,GFP
RC17_after_mesDA_4_D5,RC17_after_mesDA_4_D5,RC17_after_mesDA,graft,ES,GFP
RC17_after_mesDA_17_E9,RC17_after_mesDA_17_E9,RC17_after_mesDA,graft,ES,GFP
RC17_after_mesDA_17_D9,RC17_after_mesDA_17_D9,RC17_after_mesDA,graft,ES,GFP
RC17_after_mesDA_17_C9,RC17_after_mesDA_17_C9,RC17_after_mesDA,graft,ES,GFP
RC17_after_mesDA_17_B9,RC17_after_mesDA_17_B9,RC17_after_mesDA,graft,ES,GFP
RC17_after_mesDA_17_A9,RC17_after_mesDA_17_A9,RC17_after_mesDA,graft,ES,GFP
RC17_after_mesDA_4_D4,RC17_after_mesDA_4_D4,RC17_after_mesDA,graft,ES,GFP
RC17_after_mesDA_4_F4,RC17_after_mesDA_4_F4,RC17_after_mesDA,graft,ES,GFP
RC17_after_mesDA_16_B2,RC17_after_mesDA_16_B2,RC17_after_mesDA,graft,ES,GFP
RC17_after_mesDA_17_E3,RC17_after_mesDA_17_E3,RC17_after_mesDA,graft,ES,GFP
RC17_after_mesDA_2_D10,RC17_after_mesDA_2_D10,RC17_after_mesDA,graft,ES,GFP
RC17_after_mesDA_2_C10,RC17_after_mesDA_2_C10,RC17_after_mesDA,graft,ES,GFP
RC17_after_mesDA_2_B10,RC17_after_mesDA_2_B10,RC17_after_mesDA,graft,ES,GFP
RC17_after_mesDA_2_E10,RC17_after_mesDA_2_E10,RC17_after_mesDA,graft,ES,GFP
RC17_after_mesDA_2_F9,RC17_after_mesDA_2_F9,RC17_after_mesDA,graft,ES,GFP
RC17_after_mesDA_2_A10,RC17_after_mesDA_2_A10,RC17_after_mesDA,graft,ES,GFP
RC17_after_mesDA_2_H9,RC17_after_mesDA_2_H9,RC17_after_mesDA,graft,ES,GFP
RC17_after_mesDA_2_G9,RC17_after_mesDA_2_G9,RC17_after_mesDA,graft,ES,GFP
RC17_after_mesDA_18_E2,RC17_after_mesDA_18_E2,RC17_after_mesDA,graft,ES,GFP
RC17_after_mesDA_4_C5,RC17_after_mesDA_4_C5,RC17_after_mesDA,graft,ES,GFP
RC17_after_mesDA_4_A5,RC17_after_mesDA_4_A5,RC17_after_mesDA,graft,ES,GFP
RC17_after_mesDA_4_B5,RC17_after_mesDA_4_B5,RC17_after_mesDA,graft,ES,GFP
RC17_after_mesDA_16_C10,RC17_after_mesDA_16_C10,RC17_after_mesDA,graft,ES,GFP
RC17_after_mesDA_16_B10,RC17_after_mesDA_16_B10,RC17_after_mesDA,graft,ES,GFP
RC17_after_mesDA_16_E10,RC17_after_mesDA_16_E10,RC17_after_mesDA,graft,ES,GFP
RC17_after_mesDA_16_D10,RC17_after_mesDA_16_D10,RC17_after_mesDA,graft,ES,GFP
RC17_after_mesDA_2_A2,RC17_after_mesDA_2_A2,RC17_after_mesDA,graft,ES,GFP
RC17_after_mesDA_2_H1,RC17_after_mesDA_2_H1,RC17_after_mesDA,graft,ES,GFP
RC17_after_mesDA_2_C1,RC17_after_mesDA_2_C1,RC17_after_mesDA,graft,ES,GFP
RC17_after_mesDA_2_B1,RC17_after_mesDA_2_B1,RC17_after_mesDA,graft,ES,GFP
RC17_after_mesDA_2_A1,RC17_after_mesDA_2_A1,RC17_after_mesDA,graft,ES,GFP
RC17_after_mesDA_2_G1,RC17_after_mesDA_2_G1,RC17_after_mesDA,graft,ES,GFP
RC17_after_mesDA_2_F1,RC17_after_mesDA_2_F1,RC17_after_mesDA,graft,ES,GFP
RC17_after_mesDA_2_E1,RC17_after_mesDA_2_E1,RC17_after_mesDA,graft,ES,GFP
RC17_after_mesDA_2_D1,RC17_after_mesDA_2_D1,RC17_after_mesDA,graft,ES,GFP
RC17_after_mesDA_4_D8,RC17_after_mesDA_4_D8,RC17_after_mesDA,graft,ES,GFP
RC17_after_mesDA_17_B11,RC17_after_mesDA_17_B11,RC17_after_mesDA,graft,ES,GFP
RC17_after_mesDA_17_C11,RC17_after_mesDA_17_C11,RC17_after_mesDA,graft,ES,GFP
RC17_after_mesDA_4_B9,RC17_after_mesDA_4_B9,RC17_after_mesDA,graft,ES,GFP
RC17_after_mesDA_3_D6,RC17_after_mesDA_3_D6,RC17_after_mesDA,graft,ES,GFP
RC17_after_mesDA_4_F7,RC17_after_mesDA_4_F7,RC17_after_mesDA,graft,ES,GFP
RC17_after_mesDA_4_G7,RC17_after_mesDA_4_G7,RC17_after_mesDA,graft,ES,GFP
RC17_after_mesDA_4_D7,RC17_after_mesDA_4_D7,RC17_after_mesDA,graft,ES,GFP
RC17_after_mesDA_4_E7,RC17_after_mesDA_4_E7,RC17_after_mesDA,graft,ES,GFP
RC17_after_mesDA_4_B7,RC17_after_mesDA_4_B7,RC17_after_mesDA,graft,ES,GFP
RC17_after_mesDA_4_C7,RC17_after_mesDA_4_C7,RC17_after_mesDA,graft,ES,GFP
RC17_after_mesDA_3_F10,RC17_after_mesDA_3_F10,RC17_after_mesDA,graft,ES,GFP
RC17_after_mesDA_3_G10,RC17_after_mesDA_3_G10,RC17_after_mesDA,graft,ES,GFP
RC17_after_mesDA_3_D10,RC17_after_mesDA_3_D10,RC17_after_mesDA,graft,ES,GFP
RC17_after_mesDA_3_E10,RC17_after_mesDA_3_E10,RC17_after_mesDA,graft,ES,GFP
RC17_after_mesDA_3_B10,RC17_after_mesDA_3_B10,RC17_after_mesDA,graft,ES,GFP
RC17_after_mesDA_3_C10,RC17_after_mesDA_3_C10,RC17_after_mesDA,graft,ES,GFP
RC17_after_mesDA_4_B2,RC17_after_mesDA_4_B2,RC17_after_mesDA,graft,ES,GFP
RC17_after_mesDA_4_E2,RC17_after_mesDA_4_E2,RC17_after_mesDA,graft,ES,GFP
RC17_after_mesDA_4_D2,RC17_after_mesDA_4_D2,RC17_after_mesDA,graft,ES,GFP
RC17_after_mesDA_4_G2,RC17_after_mesDA_4_G2,RC17_after_mesDA,graft,ES,GFP
RC17_after_mesDA_17_G8,RC17_after_mesDA_17_G8,RC17_after_mesDA,graft,ES,GFP
RC17_after_mesDA_17_D8,RC17_after_mesDA_17_D8,RC17_after_mesDA,graft,ES,GFP
RC17_after_mesDA_17_E8,RC17_after_mesDA_17_E8,RC17_after_mesDA,graft,ES,GFP
RC17_after_mesDA_17_B8,RC17_after_mesDA_17_B8,RC17_after_mesDA,graft,ES,GFP
RC17_after_mesDA_17_F7,RC17_after_mesDA_17_F7,RC17_after_mesDA,graft,ES,GFP
RC17_after_mesDA_17_E4,RC17_after_mesDA_17_E4,RC17_after_mesDA,graft,ES,GFP
RC17_after_mesDA_17_B10,RC17_after_mesDA_17_B10,RC17_after_mesDA,graft,ES,GFP
RC17_after_mesDA_16_A11,RC17_after_mesDA_16_A11,RC17_after_mesDA,graft,ES,GFP
RC17_after_mesDA_17_C1,RC17_after_mesDA_17_C1,RC17_after_mesDA,graft,ES,GFP
RC17_after_mesDA_17_B1,RC17_after_mesDA_17_B1,RC17_after_mesDA,graft,ES,GFP
RC17_after_mesDA_17_A3,RC17_after_mesDA_17_A3,RC17_after_mesDA,graft,ES,GFP
RC17_after_mesDA_17_F2,RC17_after_mesDA_17_F2,RC17_after_mesDA,graft,ES,GFP
RC17_after_mesDA_17_C3,RC17_after_mesDA_17_C3,RC17_after_mesDA,graft,ES,GFP
RC17_after_mesDA_2_G10,RC17_after_mesDA_2_G10,RC17_after_mesDA,graft,ES,GFP
RC17_after_mesDA_2_F10,RC17_after_mesDA_2_F10,RC17_after_mesDA,graft,ES,GFP
RC17_after_mesDA_16_F10,RC17_after_mesDA_16_F10,RC17_after_mesDA,graft,ES,GFP
RC17_after_mesDA_16_G9,RC17_after_mesDA_16_G9,RC17_after_mesDA,graft,ES,GFP
RC17_after_mesDA_16_F9,RC17_after_mesDA_16_F9,RC17_after_mesDA,graft,ES,GFP
RC17_after_mesDA_16_A10,RC17_after_mesDA_16_A10,RC17_after_mesDA,graft,ES,GFP
RC17_after_mesDA_16_H9,RC17_after_mesDA_16_H9,RC17_after_mesDA,graft,ES,GFP
RC17_after_mesDA_18_F11,RC17_after_mesDA_18_F11,RC17_after_mesDA,graft,ES,GFP
RC17_after_mesDA_18_E11,RC17_after_mesDA_18_E11,RC17_after_mesDA,graft,ES,GFP
RC17_after_mesDA_18_C11,RC17_after_mesDA_18_C11,RC17_after_mesDA,graft,ES,GFP
RC17_after_mesDA_18_B11,RC17_after_mesDA_18_B11,RC17_after_mesDA,graft,ES,GFP
RC17_after_mesDA_18_A11,RC17_after_mesDA_18_A11,RC17_after_mesDA,graft,ES,GFP
RC17_after_mesDA_18_H10,RC17_after_mesDA_18_H10,RC17_after_mesDA,graft,ES,GFP
RC17_after_mesDA_18_G10,RC17_after_mesDA_18_G10,RC17_after_mesDA,graft,ES,GFP
RC17_after_mesDA_17_E1,RC17_after_mesDA_17_E1,RC17_after_mesDA,graft,ES,GFP
RC17_after_mesDA_17_D1,RC17_after_mesDA_17_D1,RC17_after_mesDA,graft,ES,GFP
RC17_after_mesDA_17_F1,RC17_after_mesDA_17_F1,RC17_after_mesDA,graft,ES,GFP
RC17_after_mesDA_17_A2,RC17_after_mesDA_17_A2,RC17_after_mesDA,graft,ES,GFP
RC17_after_mesDA_17_C2,RC17_after_mesDA_17_C2,RC17_after_mesDA,graft,ES,GFP
RC17_after_mesDA_17_B2,RC17_after_mesDA_17_B2,RC17_after_mesDA,graft,ES,GFP
RC17_after_mesDA_4_B12,RC17_after_mesDA_4_B12,RC17_after_mesDA,graft,ES,GFP
RC17_after_mesDA_4_C12,RC17_after_mesDA_4_C12,RC17_after_mesDA,graft,ES,GFP
RC17_after_mesDA_2_D11,RC17_after_mesDA_2_D11,RC17_after_mesDA,graft,ES,GFP
RC17_after_mesDA_2_E11,RC17_after_mesDA_2_E11,RC17_after_mesDA,graft,ES,GFP
RC17_after_mesDA_2_F11,RC17_after_mesDA_2_F11,RC17_after_mesDA,graft,ES,GFP
RC17_after_mesDA_2_G11,RC17_after_mesDA_2_G11,RC17_after_mesDA,graft,ES,GFP
RC17_after_mesDA_18_F12,RC17_after_mesDA_18_F12,RC17_after_mesDA,graft,ES,GFP
RC17_after_mesDA_18_G12,RC17_after_mesDA_18_G12,RC17_after_mesDA,graft,ES,GFP
RC17_after_mesDA_18_E12,RC17_after_mesDA_18_E12,RC17_after_mesDA,graft,ES,GFP
RC17_after_mesDA_18_D1,RC17_after_mesDA_18_D1,RC17_after_mesDA,graft,ES,GFP
RC17_after_mesDA_16_G11,RC17_after_mesDA_16_G11,RC17_after_mesDA,graft,ES,GFP
RC17_after_mesDA_18_D10,RC17_after_mesDA_18_D10,RC17_after_mesDA,graft,ES,GFP
RC17_after_mesDA_2_B12,RC17_after_mesDA_2_B12,RC17_after_mesDA,graft,ES,GFP
RC17_after_mesDA_4_B8,RC17_after_mesDA_4_B8,RC17_after_mesDA,graft,ES,GFP
RC17_after_mesDA_4_F8,RC17_after_mesDA_4_F8,RC17_after_mesDA,graft,ES,GFP
RC17_after_mesDA_2_A3,RC17_after_mesDA_2_A3,RC17_after_mesDA,graft,ES,GFP
RC17_after_mesDA_4_C8,RC17_after_mesDA_4_C8,RC17_after_mesDA,graft,ES,GFP
RC17_after_mesDA_2_C2,RC17_after_mesDA_2_C2,RC17_after_mesDA,graft,ES,GFP
RC17_after_mesDA_17_C4,RC17_after_mesDA_17_C4,RC17_after_mesDA,graft,ES,GFP
RC17_after_mesDA_4_A10,RC17_after_mesDA_4_A10,RC17_after_mesDA,graft,ES,GFP
RC17_after_mesDA_17_E10,RC17_after_mesDA_17_E10,RC17_after_mesDA,graft,ES,GFP
RC17_after_mesDA_17_F10,RC17_after_mesDA_17_F10,RC17_after_mesDA,graft,ES,GFP
RC17_after_mesDA_17_G10,RC17_after_mesDA_17_G10,RC17_after_mesDA,graft,ES,GFP
RC17_after_mesDA_3_A9,RC17_after_mesDA_3_A9,RC17_after_mesDA,graft,ES,GFP
RC17_after_mesDA_3_H8,RC17_after_mesDA_3_H8,RC17_after_mesDA,graft,ES,GFP
RC17_after_mesDA_18_G11,RC17_after_mesDA_18_G11,RC17_after_mesDA,graft,ES,GFP
RC17_after_mesDA_3_G6,RC17_after_mesDA_3_G6,RC17_after_mesDA,graft,ES,GFP
RC17_after_mesDA_3_F6,RC17_after_mesDA_3_F6,RC17_after_mesDA,graft,ES,GFP
RC17_after_mesDA_3_C7,RC17_after_mesDA_3_C7,RC17_after_mesDA,graft,ES,GFP
RC17_after_mesDA_3_B7,RC17_after_mesDA_3_B7,RC17_after_mesDA,graft,ES,GFP
RC17_after_mesDA_3_A7,RC17_after_mesDA_3_A7,RC17_after_mesDA,graft,ES,GFP
RC17_after_mesDA_3_H6,RC17_after_mesDA_3_H6,RC17_after_mesDA,graft,ES,GFP
RC17_after_mesDA_3_E6,RC17_after_mesDA_3_E6,RC17_after_mesDA,graft,ES,GFP
RC17_after_mesDA_4_G11,RC17_after_mesDA_4_G11,RC17_after_mesDA,graft,ES,GFP
RC17_after_mesDA_17_H11,RC17_after_mesDA_17_H11,RC17_after_mesDA,graft,ES,GFP
RC17_after_mesDA_2_D2,RC17_after_mesDA_2_D2,RC17_after_mesDA,graft,ES,GFP
RC17_after_mesDA_16_A5,RC17_after_mesDA_16_A5,RC17_after_mesDA,graft,ES,GFP
RC17_after_mesDA_2_E2,RC17_after_mesDA_2_E2,RC17_after_mesDA,graft,ES,GFP
RC17_after_mesDA_2_B3,RC17_after_mesDA_2_B3,RC17_after_mesDA,graft,ES,GFP
RC17_after_mesDA_2_C3,RC17_after_mesDA_2_C3,RC17_after_mesDA,graft,ES,GFP
RC17_after_mesDA_18_C12,RC17_after_mesDA_18_C12,RC17_after_mesDA,graft,ES,GFP
RC17_after_mesDA_18_B12,RC17_after_mesDA_18_B12,RC17_after_mesDA,graft,ES,GFP
RC17_after_mesDA_18_H11,RC17_after_mesDA_18_H11,RC17_after_mesDA,graft,ES,GFP
RC17_after_mesDA_18_A12,RC17_after_mesDA_18_A12,RC17_after_mesDA,graft,ES,GFP
RC17_after_mesDA_16_H10,RC17_after_mesDA_16_H10,RC17_after_mesDA,graft,ES,GFP
RC17_after_mesDA_16_B11,RC17_after_mesDA_16_B11,RC17_after_mesDA,graft,ES,GFP
RC17_after_mesDA_18_F7,RC17_after_mesDA_18_F7,RC17_after_mesDA,graft,ES,GFP
RC17_after_mesDA_18_G7,RC17_after_mesDA_18_G7,RC17_after_mesDA,graft,ES,GFP
RC17_after_mesDA_18_D7,RC17_after_mesDA_18_D7,RC17_after_mesDA,graft,ES,GFP
RC17_after_mesDA_18_A7,RC17_after_mesDA_18_A7,RC17_after_mesDA,graft,ES,GFP
RC17_after_mesDA_18_A1,RC17_after_mesDA_18_A1,RC17_after_mesDA,graft,ES,GFP
RC17_after_mesDA_16_D9,RC17_after_mesDA_16_D9,RC17_after_mesDA,graft,ES,GFP
RC17_after_mesDA_18_E10,RC17_after_mesDA_18_E10,RC17_after_mesDA,graft,ES,GFP
RC17_after_mesDA_18_D9,RC17_after_mesDA_18_D9,RC17_after_mesDA,graft,ES,GFP
RC17_after_mesDA_18_E9,RC17_after_mesDA_18_E9,RC17_after_mesDA,graft,ES,GFP
RC17_after_mesDA_18_A10,RC17_after_mesDA_18_A10,RC17_after_mesDA,graft,ES,GFP
RC17_after_mesDA_18_C10,RC17_after_mesDA_18_C10,RC17_after_mesDA,graft,ES,GFP
RC17_after_mesDA_18_B10,RC17_after_mesDA_18_B10,RC17_after_mesDA,graft,ES,GFP
RC17_after_mesDA_2_D4,RC17_after_mesDA_2_D4,RC17_after_mesDA,graft,ES,GFP
RC17_after_mesDA_2_H6,RC17_after_mesDA_2_H6,RC17_after_mesDA,graft,ES,GFP
RC17_after_mesDA_2_A7,RC17_after_mesDA_2_A7,RC17_after_mesDA,graft,ES,GFP
RC17_after_mesDA_2_D6,RC17_after_mesDA_2_D6,RC17_after_mesDA,graft,ES,GFP
RC17_after_mesDA_2_E6,RC17_after_mesDA_2_E6,RC17_after_mesDA,graft,ES,GFP
RC17_after_mesDA_2_F6,RC17_after_mesDA_2_F6,RC17_after_mesDA,graft,ES,GFP
RC17_after_mesDA_2_G6,RC17_after_mesDA_2_G6,RC17_after_mesDA,graft,ES,GFP
RC17_after_mesDA_2_H5,RC17_after_mesDA_2_H5,RC17_after_mesDA,graft,ES,GFP
RC17_after_mesDA_2_A6,RC17_after_mesDA_2_A6,RC17_after_mesDA,graft,ES,GFP
RC17_after_mesDA_2_B6,RC17_after_mesDA_2_B6,RC17_after_mesDA,graft,ES,GFP
RC17_after_mesDA_16_F5,RC17_after_mesDA_16_F5,RC17_after_mesDA,graft,ES,GFP
RC17_after_mesDA_2_A9,RC17_after_mesDA_2_A9,RC17_after_mesDA,graft,ES,GFP
RC17_after_mesDA_2_F8,RC17_after_mesDA_2_F8,RC17_after_mesDA,graft,ES,GFP
RC17_after_mesDA_2_D8,RC17_after_mesDA_2_D8,RC17_after_mesDA,graft,ES,GFP
RC17_after_mesDA_2_E8,RC17_after_mesDA_2_E8,RC17_after_mesDA,graft,ES,GFP
RC17_after_mesDA_16_A3,RC17_after_mesDA_16_A3,RC17_after_mesDA,graft,ES,GFP
RC17_after_mesDA_16_G2,RC17_after_mesDA_16_G2,RC17_after_mesDA,graft,ES,GFP
RC17_after_mesDA_16_F2,RC17_after_mesDA_16_F2,RC17_after_mesDA,graft,ES,GFP
RC17_after_mesDA_16_E2,RC17_after_mesDA_16_E2,RC17_after_mesDA,graft,ES,GFP
RC17_after_mesDA_16_D2,RC17_after_mesDA_16_D2,RC17_after_mesDA,graft,ES,GFP
RC17_after_mesDA_2_E9,RC17_after_mesDA_2_E9,RC17_after_mesDA,graft,ES,GFP
RC17_after_mesDA_18_G1,RC17_after_mesDA_18_G1,RC17_after_mesDA,graft,ES,GFP
RC17_after_mesDA_4_G6,RC17_after_mesDA_4_G6,RC17_after_mesDA,graft,ES,GFP
RC17_after_mesDA_4_D6,RC17_after_mesDA_4_D6,RC17_after_mesDA,graft,ES,GFP
RC17_after_mesDA_4_C6,RC17_after_mesDA_4_C6,RC17_after_mesDA,graft,ES,GFP
RC17_after_mesDA_4_B6,RC17_after_mesDA_4_B6,RC17_after_mesDA,graft,ES,GFP
RC17_after_mesDA_4_A6,RC17_after_mesDA_4_A6,RC17_after_mesDA,graft,ES,GFP
RC17_after_mesDA_4_H5,RC17_after_mesDA_4_H5,RC17_after_mesDA,graft,ES,GFP
RC17_after_mesDA_4_G5,RC17_after_mesDA_4_G5,RC17_after_mesDA,graft,ES,GFP
RC17_after_mesDA_16_E9,RC17_after_mesDA_16_E9,RC17_after_mesDA,graft,ES,GFP
RC17_after_mesDA_16_F8,RC17_after_mesDA_16_F8,RC17_after_mesDA,graft,ES,GFP
RC17_after_mesDA_16_G8,RC17_after_mesDA_16_G8,RC17_after_mesDA,graft,ES,GFP
RC17_after_mesDA_16_D8,RC17_after_mesDA_16_D8,RC17_after_mesDA,graft,ES,GFP
RC17_after_mesDA_16_B9,RC17_after_mesDA_16_B9,RC17_after_mesDA,graft,ES,GFP
RC17_after_mesDA_2_H2,RC17_after_mesDA_2_H2,RC17_after_mesDA,graft,ES,GFP
RC17_after_mesDA_16_H8,RC17_after_mesDA_16_H8,RC17_after_mesDA,graft,ES,GFP
RC17_after_mesDA_2_F2,RC17_after_mesDA_2_F2,RC17_after_mesDA,graft,ES,GFP
RC17_after_mesDA_2_G2,RC17_after_mesDA_2_G2,RC17_after_mesDA,graft,ES,GFP
RC17_after_mesDA_2_B2,RC17_after_mesDA_2_B2,RC17_after_mesDA,graft,ES,GFP
RC17_after_mesDA_4_A7,RC17_after_mesDA_4_A7,RC17_after_mesDA,graft,ES,GFP
RC17_after_mesDA_16_B1,RC17_after_mesDA_16_B1,RC17_after_mesDA,graft,ES,GFP
RC17_after_mesDA_16_C1,RC17_after_mesDA_16_C1,RC17_after_mesDA,graft,ES,GFP
RC17_after_mesDA_17_B4,RC17_after_mesDA_17_B4,RC17_after_mesDA,graft,ES,GFP
RC17_after_mesDA_3_G11,RC17_after_mesDA_3_G11,RC17_after_mesDA,graft,ES,GFP
RC17_after_mesDA_3_E11,RC17_after_mesDA_3_E11,RC17_after_mesDA,graft,ES,GFP
RC17_after_mesDA_3_D11,RC17_after_mesDA_3_D11,RC17_after_mesDA,graft,ES,GFP
RC17_after_mesDA_3_E12,RC17_after_mesDA_3_E12,RC17_after_mesDA,graft,ES,GFP
RC17_after_mesDA_3_D12,RC17_after_mesDA_3_D12,RC17_after_mesDA,graft,ES,GFP
RC17_after_mesDA_18_D3,RC17_after_mesDA_18_D3,RC17_after_mesDA,graft,ES,GFP
RC17_after_mesDA_18_F8,RC17_after_mesDA_18_F8,RC17_after_mesDA,graft,ES,GFP
RC17_after_mesDA_18_A9,RC17_after_mesDA_18_A9,RC17_after_mesDA,graft,ES,GFP
RC17_after_mesDA_18_E7,RC17_after_mesDA_18_E7,RC17_after_mesDA,graft,ES,GFP
RC17_after_mesDA_18_C7,RC17_after_mesDA_18_C7,RC17_after_mesDA,graft,ES,GFP
RC17_after_mesDA_17_A11,RC17_after_mesDA_17_A11,RC17_after_mesDA,graft,ES,GFP
RC17_after_mesDA_16_E6,RC17_after_mesDA_16_E6,RC17_after_mesDA,graft,ES,GFP
RC17_after_mesDA_4_B4,RC17_after_mesDA_4_B4,RC17_after_mesDA,graft,ES,GFP
RC17_after_mesDA_4_C4,RC17_after_mesDA_4_C4,RC17_after_mesDA,graft,ES,GFP
RC17_after_mesDA_4_B3,RC17_after_mesDA_4_B3,RC17_after_mesDA,graft,ES,GFP
RC17_after_mesDA_4_C3,RC17_after_mesDA_4_C3,RC17_after_mesDA,graft,ES,GFP
RC17_after_mesDA_4_A4,RC17_after_mesDA_4_A4,RC17_after_mesDA,graft,ES,GFP
RC17_after_mesDA_3_E9,RC17_after_mesDA_3_E9,RC17_after_mesDA,graft,ES,GFP
RC17_after_mesDA_3_D9,RC17_after_mesDA_3_D9,RC17_after_mesDA,graft,ES,GFP
RC17_after_mesDA_3_G9,RC17_after_mesDA_3_G9,RC17_after_mesDA,graft,ES,GFP
RC17_after_mesDA_3_F9,RC17_after_mesDA_3_F9,RC17_after_mesDA,graft,ES,GFP
RC17_after_mesDA_3_C9,RC17_after_mesDA_3_C9,RC17_after_mesDA,graft,ES,GFP
RC17_after_mesDA_3_B9,RC17_after_mesDA_3_B9,RC17_after_mesDA,graft,ES,GFP
RC17_after_mesDA_2_H8,RC17_after_mesDA_2_H8,RC17_after_mesDA,graft,ES,GFP
RC17_after_mesDA_3_C1,RC17_after_mesDA_3_C1,RC17_after_mesDA,graft,ES,GFP
RC17_after_mesDA_2_C9,RC17_after_mesDA_2_C9,RC17_after_mesDA,graft,ES,GFP
RC17_after_mesDA_2_B9,RC17_after_mesDA_2_B9,RC17_after_mesDA,graft,ES,GFP
RC17_after_mesDA_17_G2,RC17_after_mesDA_17_G2,RC17_after_mesDA,graft,ES,GFP
RC17_after_mesDA_17_D3,RC17_after_mesDA_17_D3,RC17_after_mesDA,graft,ES,GFP
RC17_after_mesDA_3_B11,RC17_after_mesDA_3_B11,RC17_after_mesDA,graft,ES,GFP
RC17_after_mesDA_16_C12,RC17_after_mesDA_16_C12,RC17_after_mesDA,graft,ES,GFP
RC17_after_mesDA_18_C8,RC17_after_mesDA_18_C8,RC17_after_mesDA,graft,ES,GFP
RC17_after_mesDA_18_B8,RC17_after_mesDA_18_B8,RC17_after_mesDA,graft,ES,GFP
RC17_after_mesDA_18_C9,RC17_after_mesDA_18_C9,RC17_after_mesDA,graft,ES,GFP
RC17_after_mesDA_18_B9,RC17_after_mesDA_18_B9,RC17_after_mesDA,graft,ES,GFP
RC17_after_mesDA_16_C9,RC17_after_mesDA_16_C9,RC17_after_mesDA,graft,ES,GFP
RC17_after_mesDA_16_B12,RC17_after_mesDA_16_B12,RC17_after_mesDA,graft,ES,GFP
RC17_after_mesDA_2_E7,RC17_after_mesDA_2_E7,RC17_after_mesDA,graft,ES,GFP
RC17_after_mesDA_2_D7,RC17_after_mesDA_2_D7,RC17_after_mesDA,graft,ES,GFP
RC17_after_mesDA_2_C7,RC17_after_mesDA_2_C7,RC17_after_mesDA,graft,ES,GFP
RC17_after_mesDA_17_A10,RC17_after_mesDA_17_A10,RC17_after_mesDA,graft,ES,GFP
RC17_after_mesDA_18_F1,RC17_after_mesDA_18_F1,RC17_after_mesDA,graft,ES,GFP
RC17_after_mesDA_16_G5,RC17_after_mesDA_16_G5,RC17_after_mesDA,graft,ES,GFP
RC17_after_mesDA_3_A2,RC17_after_mesDA_3_A2,RC17_after_mesDA,graft,ES,GFP
RC17_after_mesDA_17_F3,RC17_after_mesDA_17_F3,RC17_after_mesDA,graft,ES,GFP
RC17_after_mesDA_17_G3,RC17_after_mesDA_17_G3,RC17_after_mesDA,graft,ES,GFP
RC17_after_mesDA_17_G4,RC17_after_mesDA_17_G4,RC17_after_mesDA,graft,ES,GFP
RC17_after_mesDA_17_G7,RC17_after_mesDA_17_G7,RC17_after_mesDA,graft,ES,GFP
RC17_after_mesDA_16_C5,RC17_after_mesDA_16_C5,RC17_after_mesDA,graft,ES,GFP
RC17_after_mesDA_16_B5,RC17_after_mesDA_16_B5,RC17_after_mesDA,graft,ES,GFP
RC17_after_mesDA_16_E5,RC17_after_mesDA_16_E5,RC17_after_mesDA,graft,ES,GFP
RC17_after_mesDA_16_D5,RC17_after_mesDA_16_D5,RC17_after_mesDA,graft,ES,GFP
RC17_after_mesDA_16_G4,RC17_after_mesDA_16_G4,RC17_after_mesDA,graft,ES,GFP
RC17_after_mesDA_16_F4,RC17_after_mesDA_16_F4,RC17_after_mesDA,graft,ES,GFP
RC17_after_mesDA_16_H4,RC17_after_mesDA_16_H4,RC17_after_mesDA,graft,ES,GFP
RC17_after_mesDA_16_C3,RC17_after_mesDA_16_C3,RC17_after_mesDA,graft,ES,GFP
RC17_after_mesDA_3_B2,RC17_after_mesDA_3_B2,RC17_after_mesDA,graft,ES,GFP
RC17_after_mesDA_3_C2,RC17_after_mesDA_3_C2,RC17_after_mesDA,graft,ES,GFP
RC17_after_mesDA_3_H1,RC17_after_mesDA_3_H1,RC17_after_mesDA,graft,ES,GFP
RC17_after_mesDA_3_D2,RC17_after_mesDA_3_D2,RC17_after_mesDA,graft,ES,GFP
RC17_after_mesDA_3_E2,RC17_after_mesDA_3_E2,RC17_after_mesDA,graft,ES,GFP
RC17_after_mesDA_2_G5,RC17_after_mesDA_2_G5,RC17_after_mesDA,graft,ES,GFP
RC17_after_mesDA_2_F5,RC17_after_mesDA_2_F5,RC17_after_mesDA,graft,ES,GFP
RC17_after_mesDA_2_G4,RC17_after_mesDA_2_G4,RC17_after_mesDA,graft,ES,GFP
RC17_after_mesDA_16_A4,RC17_after_mesDA_16_A4,RC17_after_mesDA,graft,ES,GFP
RC17_after_mesDA_16_F3,RC17_after_mesDA_16_F3,RC17_after_mesDA,graft,ES,GFP
RC17_after_mesDA_16_D3,RC17_after_mesDA_16_D3,RC17_after_mesDA,graft,ES,GFP
RC17_after_mesDA_16_E3,RC17_after_mesDA_16_E3,RC17_after_mesDA,graft,ES,GFP
RC17_after_mesDA_16_D4,RC17_after_mesDA_16_D4,RC17_after_mesDA,graft,ES,GFP
RC17_after_mesDA_17_G1,RC17_after_mesDA_17_G1,RC17_after_mesDA,graft,ES,GFP
RC17_after_mesDA_3_B1,RC17_after_mesDA_3_B1,RC17_after_mesDA,graft,ES,GFP
RC17_after_mesDA_3_A1,RC17_after_mesDA_3_A1,RC17_after_mesDA,graft,ES,GFP
RC17_after_mesDA_2_H12,RC17_after_mesDA_2_H12,RC17_after_mesDA,graft,ES,GFP
RC17_after_mesDA_17_D2,RC17_after_mesDA_17_D2,RC17_after_mesDA,graft,ES,GFP
RC17_after_mesDA_17_E2,RC17_after_mesDA_17_E2,RC17_after_mesDA,graft,ES,GFP
RC17_after_mesDA_3_B4,RC17_after_mesDA_3_B4,RC17_after_mesDA,graft,ES,GFP
RC17_after_mesDA_18_F4,RC17_after_mesDA_18_F4,RC17_after_mesDA,graft,ES,GFP
RC17_after_mesDA_18_G4,RC17_after_mesDA_18_G4,RC17_after_mesDA,graft,ES,GFP
RC17_after_mesDA_3_G2,RC17_after_mesDA_3_G2,RC17_after_mesDA,graft,ES,GFP
RC17_after_mesDA_3_F2,RC17_after_mesDA_3_F2,RC17_after_mesDA,graft,ES,GFP
RC17_after_mesDA_3_A3,RC17_after_mesDA_3_A3,RC17_after_mesDA,graft,ES,GFP
RC17_after_mesDA_3_H2,RC17_after_mesDA_3_H2,RC17_after_mesDA,graft,ES,GFP
RC17_after_mesDA_3_C3,RC17_after_mesDA_3_C3,RC17_after_mesDA,graft,ES,GFP
RC17_after_mesDA_3_B3,RC17_after_mesDA_3_B3,RC17_after_mesDA,graft,ES,GFP
RC17_after_mesDA_3_E3,RC17_after_mesDA_3_E3,RC17_after_mesDA,graft,ES,GFP
RC17_after_mesDA_3_D3,RC17_after_mesDA_3_D3,RC17_after_mesDA,graft,ES,GFP
RC17_after_mesDA_16_C6,RC17_after_mesDA_16_C6,RC17_after_mesDA,graft,ES,GFP
RC17_after_mesDA_17_E12,RC17_after_mesDA_17_E12,RC17_after_mesDA,graft,ES,GFP
RC17_after_mesDA_17_D12,RC17_after_mesDA_17_D12,RC17_after_mesDA,graft,ES,GFP
RC17_after_mesDA_17_E11,RC17_after_mesDA_17_E11,RC17_after_mesDA,graft,ES,GFP
RC17_after_mesDA_17_D11,RC17_after_mesDA_17_D11,RC17_after_mesDA,graft,ES,GFP
RC17_after_mesDA_17_F11,RC17_after_mesDA_17_F11,RC17_after_mesDA,graft,ES,GFP
RC17_after_mesDA_17_A12,RC17_after_mesDA_17_A12,RC17_after_mesDA,graft,ES,GFP
RC17_after_mesDA_18_C4,RC17_after_mesDA_18_C4,RC17_after_mesDA,graft,ES,GFP
RC17_after_mesDA_18_B4,RC17_after_mesDA_18_B4,RC17_after_mesDA,graft,ES,GFP
RC17_after_mesDA_18_C3,RC17_after_mesDA_18_C3,RC17_after_mesDA,graft,ES,GFP
RC17_after_mesDA_18_G3,RC17_after_mesDA_18_G3,RC17_after_mesDA,graft,ES,GFP
RC17_after_mesDA_3_F1,RC17_after_mesDA_3_F1,RC17_after_mesDA,graft,ES,GFP
RC17_after_mesDA_3_D1,RC17_after_mesDA_3_D1,RC17_after_mesDA,graft,ES,GFP
RC17_after_mesDA_3_E1,RC17_after_mesDA_3_E1,RC17_after_mesDA,graft,ES,GFP
RC17_after_mesDA_3_G1,RC17_after_mesDA_3_G1,RC17_after_mesDA,graft,ES,GFP
RC17_after_mesDA_4_A12,RC17_after_mesDA_4_A12,RC17_after_mesDA,graft,ES,GFP
RC17_after_mesDA_4_D12,RC17_after_mesDA_4_D12,RC17_after_mesDA,graft,ES,GFP
RC17_after_mesDA_4_E12,RC17_after_mesDA_4_E12,RC17_after_mesDA,graft,ES,GFP
RC17_after_mesDA_17_C10,RC17_after_mesDA_17_C10,RC17_after_mesDA,graft,ES,GFP
RC17_after_mesDA_3_F12,RC17_after_mesDA_3_F12,RC17_after_mesDA,graft,ES,GFP
RC17_after_mesDA_3_G12,RC17_after_mesDA_3_G12,RC17_after_mesDA,graft,ES,GFP
RC17_after_mesDA_3_H12,RC17_after_mesDA_3_H12,RC17_after_mesDA,graft,ES,GFP
RC17_after_mesDA_4_A1,RC17_after_mesDA_4_A1,RC17_after_mesDA,graft,ES,GFP
RC17_after_mesDA_4_B1,RC17_after_mesDA_4_B1,RC17_after_mesDA,graft,ES,GFP
RC17_after_mesDA_4_E1,RC17_after_mesDA_4_E1,RC17_after_mesDA,graft,ES,GFP
RC17_after_mesDA_4_F1,RC17_after_mesDA_4_F1,RC17_after_mesDA,graft,ES,GFP
RC17_after_mesDA_17_A5,RC17_after_mesDA_17_A5,RC17_after_mesDA,graft,ES,GFP
RC17_after_mesDA_4_D10,RC17_after_mesDA_4_D10,RC17_after_mesDA,graft,ES,GFP
RC17_after_mesDA_4_B10,RC17_after_mesDA_4_B10,RC17_after_mesDA,graft,ES,GFP
RC17_after_mesDA_4_C10,RC17_after_mesDA_4_C10,RC17_after_mesDA,graft,ES,GFP
RC17_after_mesDA_4_D9,RC17_after_mesDA_4_D9,RC17_after_mesDA,graft,ES,GFP
RC17_after_mesDA_4_E9,RC17_after_mesDA_4_E9,RC17_after_mesDA,graft,ES,GFP
RC17_after_mesDA_16_B4,RC17_after_mesDA_16_B4,RC17_after_mesDA,graft,ES,GFP
RC17_after_mesDA_16_C4,RC17_after_mesDA_16_C4,RC17_after_mesDA,graft,ES,GFP
RC17_after_mesDA_16_H3,RC17_after_mesDA_16_H3,RC17_after_mesDA,graft,ES,GFP
RC17_after_mesDA_3_C12,RC17_after_mesDA_3_C12,RC17_after_mesDA,graft,ES,GFP
RC17_after_mesDA_3_B12,RC17_after_mesDA_3_B12,RC17_after_mesDA,graft,ES,GFP
RC17_after_mesDA_3_A12,RC17_after_mesDA_3_A12,RC17_after_mesDA,graft,ES,GFP
RC17_after_mesDA_3_H11,RC17_after_mesDA_3_H11,RC17_after_mesDA,graft,ES,GFP
RC17_after_mesDA_4_A2,RC17_after_mesDA_4_A2,RC17_after_mesDA,graft,ES,GFP
RC17_after_mesDA_2_C4,RC17_after_mesDA_2_C4,RC17_after_mesDA,graft,ES,GFP
RC17_after_mesDA_2_H3,RC17_after_mesDA_2_H3,RC17_after_mesDA,graft,ES,GFP
RC17_after_mesDA_2_A4,RC17_after_mesDA_2_A4,RC17_after_mesDA,graft,ES,GFP
RC17_after_mesDA_18_D5,RC17_after_mesDA_18_D5,RC17_after_mesDA,graft,ES,GFP
RC17_after_mesDA_18_C1,RC17_after_mesDA_18_C1,RC17_after_mesDA,graft,ES,GFP
RC17_after_mesDA_3_E8,RC17_after_mesDA_3_E8,RC17_after_mesDA,graft,ES,GFP
RC17_after_mesDA_3_F7,RC17_after_mesDA_3_F7,RC17_after_mesDA,graft,ES,GFP
RC17_after_mesDA_3_G7,RC17_after_mesDA_3_G7,RC17_after_mesDA,graft,ES,GFP
RC17_after_mesDA_3_H7,RC17_after_mesDA_3_H7,RC17_after_mesDA,graft,ES,GFP
RC17_after_mesDA_3_A8,RC17_after_mesDA_3_A8,RC17_after_mesDA,graft,ES,GFP
RC17_after_mesDA_3_F8,RC17_after_mesDA_3_F8,RC17_after_mesDA,graft,ES,GFP
RC17_after_mesDA_17_A4,RC17_after_mesDA_17_A4,RC17_after_mesDA,graft,ES,GFP
RC17_after_mesDA_16_E4,RC17_after_mesDA_16_E4,RC17_after_mesDA,graft,ES,GFP
RC17_after_mesDA_17_F9,RC17_after_mesDA_17_F9,RC17_after_mesDA,graft,ES,GFP
RC17_after_mesDA_2_A12,RC17_after_mesDA_2_A12,RC17_after_mesDA,graft,ES,GFP
RC17_after_mesDA_18_B6,RC17_after_mesDA_18_B6,RC17_after_mesDA,graft,ES,GFP
RC17_after_mesDA_2_H10,RC17_after_mesDA_2_H10,RC17_after_mesDA,graft,ES,GFP
RC17_after_mesDA_2_C5,RC17_after_mesDA_2_C5,RC17_after_mesDA,graft,ES,GFP
RC17_after_mesDA_2_A5,RC17_after_mesDA_2_A5,RC17_after_mesDA,graft,ES,GFP
RC17_after_mesDA_2_H4,RC17_after_mesDA_2_H4,RC17_after_mesDA,graft,ES,GFP
RC17_after_mesDA_2_E5,RC17_after_mesDA_2_E5,RC17_after_mesDA,graft,ES,GFP
RC17_after_mesDA_2_B5,RC17_after_mesDA_2_B5,RC17_after_mesDA,graft,ES,GFP
RC17_after_mesDA_18_A6,RC17_after_mesDA_18_A6,RC17_after_mesDA,graft,ES,GFP
RC17_after_mesDA_18_G5,RC17_after_mesDA_18_G5,RC17_after_mesDA,graft,ES,GFP
RC17_after_mesDA_18_E6,RC17_after_mesDA_18_E6,RC17_after_mesDA,graft,ES,GFP
RC17_after_mesDA_18_D6,RC17_after_mesDA_18_D6,RC17_after_mesDA,graft,ES,GFP
RC17_after_mesDA_18_G6,RC17_after_mesDA_18_G6,RC17_after_mesDA,graft,ES,GFP
RC17_after_mesDA_2_D5,RC17_after_mesDA_2_D5,RC17_after_mesDA,graft,ES,GFP
RC17_after_mesDA_17_F5,RC17_after_mesDA_17_F5,RC17_after_mesDA,graft,ES,GFP
RC17_after_mesDA_17_A6,RC17_after_mesDA_17_A6,RC17_after_mesDA,graft,ES,GFP
RC17_after_mesDA_17_B5,RC17_after_mesDA_17_B5,RC17_after_mesDA,graft,ES,GFP
RC17_after_mesDA_17_C5,RC17_after_mesDA_17_C5,RC17_after_mesDA,graft,ES,GFP
RC17_after_mesDA_17_E5,RC17_after_mesDA_17_E5,RC17_after_mesDA,graft,ES,GFP
RC17_after_mesDA_17_B6,RC17_after_mesDA_17_B6,RC17_after_mesDA,graft,ES,GFP
RC17_after_mesDA_2_G12,RC17_after_mesDA_2_G12,RC17_after_mesDA,graft,ES,GFP
RC17_after_mesDA_2_F12,RC17_after_mesDA_2_F12,RC17_after_mesDA,graft,ES,GFP
RC17_after_mesDA_2_E12,RC17_after_mesDA_2_E12,RC17_after_mesDA,graft,ES,GFP
RC17_after_mesDA_2_D12,RC17_after_mesDA_2_D12,RC17_after_mesDA,graft,ES,GFP
RC17_after_mesDA_2_C12,RC17_after_mesDA_2_C12,RC17_after_mesDA,graft,ES,GFP
RC17_after_mesDA_16_H6,RC17_after_mesDA_16_H6,RC17_after_mesDA,graft,ES,GFP
RC17_after_mesDA_16_A7,RC17_after_mesDA_16_A7,RC17_after_mesDA,graft,ES,GFP
RC17_after_mesDA_3_F11,RC17_after_mesDA_3_F11,RC17_after_mesDA,graft,ES,GFP
RC17_after_mesDA_16_D6,RC17_after_mesDA_16_D6,RC17_after_mesDA,graft,ES,GFP
RC17_after_mesDA_16_F6,RC17_after_mesDA_16_F6,RC17_after_mesDA,graft,ES,GFP
RC17_after_mesDA_16_G6,RC17_after_mesDA_16_G6,RC17_after_mesDA,graft,ES,GFP
RC17_after_mesDA_16_A6,RC17_after_mesDA_16_A6,RC17_after_mesDA,graft,ES,GFP
RC17_after_mesDA_16_B6,RC17_after_mesDA_16_B6,RC17_after_mesDA,graft,ES,GFP
RC17_after_mesDA_4_A8,RC17_after_mesDA_4_A8,RC17_after_mesDA,graft,ES,GFP
RC17_after_mesDA_17_D10,RC17_after_mesDA_17_D10,RC17_after_mesDA,graft,ES,GFP
RC17_after_mesDA_16_D7,RC17_after_mesDA_16_D7,RC17_after_mesDA,graft,ES,GFP
RC17_after_mesDA_3_C11,RC17_after_mesDA_3_C11,RC17_after_mesDA,graft,ES,GFP
RC17_after_mesDA_3_H10,RC17_after_mesDA_3_H10,RC17_after_mesDA,graft,ES,GFP
RC17_after_mesDA_3_A11,RC17_after_mesDA_3_A11,RC17_after_mesDA,graft,ES,GFP
RC17_after_mesDA_16_E7,RC17_after_mesDA_16_E7,RC17_after_mesDA,graft,ES,GFP
RC17_after_mesDA_16_B7,RC17_after_mesDA_16_B7,RC17_after_mesDA,graft,ES,GFP
RC17_after_mesDA_16_A8,RC17_after_mesDA_16_A8,RC17_after_mesDA,graft,ES,GFP
RC17_after_mesDA_16_G7,RC17_after_mesDA_16_G7,RC17_after_mesDA,graft,ES,GFP
RC17_after_mesDA_3_H4,RC17_after_mesDA_3_H4,RC17_after_mesDA,graft,ES,GFP
RC17_after_mesDA_3_A4,RC17_after_mesDA_3_A4,RC17_after_mesDA,graft,ES,GFP
RC17_after_mesDA_3_H3,RC17_after_mesDA_3_H3,RC17_after_mesDA,graft,ES,GFP
RC17_after_mesDA_3_E4,RC17_after_mesDA_3_E4,RC17_after_mesDA,graft,ES,GFP
RC17_after_mesDA_3_D4,RC17_after_mesDA_3_D4,RC17_after_mesDA,graft,ES,GFP
RC17_after_mesDA_3_G4,RC17_after_mesDA_3_G4,RC17_after_mesDA,graft,ES,GFP
RC17_after_mesDA_3_F4,RC17_after_mesDA_3_F4,RC17_after_mesDA,graft,ES,GFP
RC17_after_mesDA_3_A5,RC17_after_mesDA_3_A5,RC17_after_mesDA,graft,ES,GFP
RC17_after_mesDA_3_C4,RC17_after_mesDA_3_C4,RC17_after_mesDA,graft,ES,GFP
RC17_after_mesDA_3_G3,RC17_after_mesDA_3_G3,RC17_after_mesDA,graft,ES,GFP
RC17_after_mesDA_3_F3,RC17_after_mesDA_3_F3,RC17_after_mesDA,graft,ES,GFP
RC17_after_mesDA_2_E4,RC17_after_mesDA_2_E4,RC17_after_mesDA,graft,ES,GFP
RC17_after_mesDA_2_F3,RC17_after_mesDA_2_F3,RC17_after_mesDA,graft,ES,GFP
RC17_after_mesDA_2_G3,RC17_after_mesDA_2_G3,RC17_after_mesDA,graft,ES,GFP
RC17_after_mesDA_2_D3,RC17_after_mesDA_2_D3,RC17_after_mesDA,graft,ES,GFP
RC17_after_mesDA_2_B4,RC17_after_mesDA_2_B4,RC17_after_mesDA,graft,ES,GFP
RC17_after_mesDA_2_E3,RC17_after_mesDA_2_E3,RC17_after_mesDA,graft,ES,GFP
RC17_after_mesDA_16_C8,RC17_after_mesDA_16_C8,RC17_after_mesDA,graft,ES,GFP
RC17_after_mesDA_16_B8,RC17_after_mesDA_16_B8,RC17_after_mesDA,graft,ES,GFP
RC17_after_mesDA_17_F12,RC17_after_mesDA_17_F12,RC17_after_mesDA,graft,ES,GFP
RC17_after_mesDA_3_D5,RC17_after_mesDA_3_D5,RC17_after_mesDA,graft,ES,GFP
RC17_after_mesDA_3_E5,RC17_after_mesDA_3_E5,RC17_after_mesDA,graft,ES,GFP
RC17_after_mesDA_3_B5,RC17_after_mesDA_3_B5,RC17_after_mesDA,graft,ES,GFP
RC17_after_mesDA_3_H5,RC17_after_mesDA_3_H5,RC17_after_mesDA,graft,ES,GFP
RC17_after_mesDA_3_A6,RC17_after_mesDA_3_A6,RC17_after_mesDA,graft,ES,GFP
RC17_after_mesDA_3_F5,RC17_after_mesDA_3_F5,RC17_after_mesDA,graft,ES,GFP
RC17_after_mesDA_3_G5,RC17_after_mesDA_3_G5,RC17_after_mesDA,graft,ES,GFP
RC17_after_mesDA_3_B6,RC17_after_mesDA_3_B6,RC17_after_mesDA,graft,ES,GFP
RC17_after_mesDA_3_C6,RC17_after_mesDA_3_C6,RC17_after_mesDA,graft,ES,GFP
RC17_after_mesDA_2_C11,RC17_after_mesDA_2_C11,RC17_after_mesDA,graft,ES,GFP
RC17_after_mesDA_17_C12,RC17_after_mesDA_17_C12,RC17_after_mesDA,graft,ES,GFP
RC17_after_mesDA_17_B12,RC17_after_mesDA_17_B12,RC17_after_mesDA,graft,ES,GFP
RC17_after_mesDA_17_E7,RC17_after_mesDA_17_E7,RC17_after_mesDA,graft,ES,GFP
RC17_after_mesDA_17_D7,RC17_after_mesDA_17_D7,RC17_after_mesDA,graft,ES,GFP
RC17_after_mesDA_17_A7,RC17_after_mesDA_17_A7,RC17_after_mesDA,graft,ES,GFP
RC17_after_mesDA_17_C7,RC17_after_mesDA_17_C7,RC17_after_mesDA,graft,ES,GFP
RC17_after_mesDA_17_B7,RC17_after_mesDA_17_B7,RC17_after_mesDA,graft,ES,GFP
RC17_after_mesDA_16_C11,RC17_after_mesDA_16_C11,RC17_after_mesDA,graft,ES,GFP
RC17_after_mesDA_16_D11,RC17_after_mesDA_16_D11,RC17_after_mesDA,graft,ES,GFP
RC17_after_mesDA_16_E11,RC17_after_mesDA_16_E11,RC17_after_mesDA,graft,ES,GFP
RC17_after_mesDA_16_F11,RC17_after_mesDA_16_F11,RC17_after_mesDA,graft,ES,GFP
RC17_after_mesDA_16_H11,RC17_after_mesDA_16_H11,RC17_after_mesDA,graft,ES,GFP
RC17_after_mesDA_16_A12,RC17_after_mesDA_16_A12,RC17_after_mesDA,graft,ES,GFP
RC17_after_mesDA_16_A2,RC17_after_mesDA_16_A2,RC17_after_mesDA,graft,ES,GFP
RC17_after_mesDA_2_B8,RC17_after_mesDA_2_B8,RC17_after_mesDA,graft,ES,GFP
RC17_after_mesDA_2_H7,RC17_after_mesDA_2_H7,RC17_after_mesDA,graft,ES,GFP
RC17_after_mesDA_16_E1,RC17_after_mesDA_16_E1,RC17_after_mesDA,graft,ES,GFP
RC17_after_mesDA_2_F7,RC17_after_mesDA_2_F7,RC17_after_mesDA,graft,ES,GFP
RC17_after_mesDA_2_G7,RC17_after_mesDA_2_G7,RC17_after_mesDA,graft,ES,GFP
RC17_after_mesDA_16_F1,RC17_after_mesDA_16_F1,RC17_after_mesDA,graft,ES,GFP
RC17_after_mesDA_2_A8,RC17_after_mesDA_2_A8,RC17_after_mesDA,graft,ES,GFP
RC17_after_mesDA_2_C8,RC17_after_mesDA_2_C8,RC17_after_mesDA,graft,ES,GFP
RC17_after_mesDA_16_G1,RC17_after_mesDA_16_G1,RC17_after_mesDA,graft,ES,GFP
RC17_after_mesDA_3_E7,RC17_after_mesDA_3_E7,RC17_after_mesDA,graft,ES,GFP
RC17_after_mesDA_16_A1,RC17_after_mesDA_16_A1,RC17_after_mesDA,graft,ES,GFP
RC17_after_mesDA_3_D7,RC17_after_mesDA_3_D7,RC17_after_mesDA,graft,ES,GFP
RC17_after_mesDA_3_D8,RC17_after_mesDA_3_D8,RC17_after_mesDA,graft,ES,GFP
RC17_after_mesDA_3_C8,RC17_after_mesDA_3_C8,RC17_after_mesDA,graft,ES,GFP
RC17_after_mesDA_3_B8,RC17_after_mesDA_3_B8,RC17_after_mesDA,graft,ES,GFP
RC17_after_mesDA_4_B11,RC17_after_mesDA_4_B11,RC17_after_mesDA,graft,ES,GFP
RC17_after_mesDA_4_D11,RC17_after_mesDA_4_D11,RC17_after_mesDA,graft,ES,GFP
RC17_after_mesDA_17_F4,RC17_after_mesDA_17_F4,RC17_after_mesDA,graft,ES,GFP
RC17_after_mesDA_4_C11,RC17_after_mesDA_4_C11,RC17_after_mesDA,graft,ES,GFP
RC17_after_mesDA_4_F10,RC17_after_mesDA_4_F10,RC17_after_mesDA,graft,ES,GFP
RC17_after_mesDA_27_H11,RC17_after_mesDA_27_H11,RC17_after_mesDA,graft,ES,GFP
RC17_after_mesDA_25_D3,RC17_after_mesDA_25_D3,RC17_after_mesDA,graft,ES,GFP
RC17_after_mesDA_28_F4,RC17_after_mesDA_28_F4,RC17_after_mesDA,graft,ES,GFP
RC17_after_mesDA_28_D9,RC17_after_mesDA_28_D9,RC17_after_mesDA,graft,ES,GFP
RC17_after_mesDA_28_G9,RC17_after_mesDA_28_G9,RC17_after_mesDA,graft,ES,GFP
RC17_after_mesDA_28_F6,RC17_after_mesDA_28_F6,RC17_after_mesDA,graft,ES,GFP
RC17_after_mesDA_28_C7,RC17_after_mesDA_28_C7,RC17_after_mesDA,graft,ES,GFP
RC17_after_mesDA_28_E7,RC17_after_mesDA_28_E7,RC17_after_mesDA,graft,ES,GFP
RC17_after_mesDA_28_D6,RC17_after_mesDA_28_D6,RC17_after_mesDA,graft,ES,GFP
RC17_after_mesDA_28_D7,RC17_after_mesDA_28_D7,RC17_after_mesDA,graft,ES,GFP
RC17_after_mesDA_28_B7,RC17_after_mesDA_28_B7,RC17_after_mesDA,graft,ES,GFP
RC17_after_mesDA_27_C1,RC17_after_mesDA_27_C1,RC17_after_mesDA,graft,ES,GFP
RC17_after_mesDA_27_B1,RC17_after_mesDA_27_B1,RC17_after_mesDA,graft,ES,GFP
RC17_after_mesDA_25_A1,RC17_after_mesDA_25_A1,RC17_after_mesDA,graft,ES,GFP
RC17_after_mesDA_25_B1,RC17_after_mesDA_25_B1,RC17_after_mesDA,graft,ES,GFP
RC17_after_mesDA_25_C1,RC17_after_mesDA_25_C1,RC17_after_mesDA,graft,ES,GFP
RC17_after_mesDA_25_C7,RC17_after_mesDA_25_C7,RC17_after_mesDA,graft,ES,GFP
RC17_after_mesDA_25_F7,RC17_after_mesDA_25_F7,RC17_after_mesDA,graft,ES,GFP
RC17_after_mesDA_25_F6,RC17_after_mesDA_25_F6,RC17_after_mesDA,graft,ES,GFP
RC17_after_mesDA_25_G6,RC17_after_mesDA_25_G6,RC17_after_mesDA,graft,ES,GFP
RC17_after_mesDA_25_A7,RC17_after_mesDA_25_A7,RC17_after_mesDA,graft,ES,GFP
RC17_after_mesDA_25_D7,RC17_after_mesDA_25_D7,RC17_after_mesDA,graft,ES,GFP
RC17_after_mesDA_25_E7,RC17_after_mesDA_25_E7,RC17_after_mesDA,graft,ES,GFP
RC17_after_mesDA_25_B7,RC17_after_mesDA_25_B7,RC17_after_mesDA,graft,ES,GFP
RC17_after_mesDA_25_F4,RC17_after_mesDA_25_F4,RC17_after_mesDA,graft,ES,GFP
RC17_after_mesDA_25_C4,RC17_after_mesDA_25_C4,RC17_after_mesDA,graft,ES,GFP
RC17_after_mesDA_25_C5,RC17_after_mesDA_25_C5,RC17_after_mesDA,graft,ES,GFP
RC17_after_mesDA_25_A5,RC17_after_mesDA_25_A5,RC17_after_mesDA,graft,ES,GFP
RC17_after_mesDA_25_E4,RC17_after_mesDA_25_E4,RC17_after_mesDA,graft,ES,GFP
RC17_after_mesDA_25_D4,RC17_after_mesDA_25_D4,RC17_after_mesDA,graft,ES,GFP
RC17_after_mesDA_25_H4,RC17_after_mesDA_25_H4,RC17_after_mesDA,graft,ES,GFP
RC17_after_mesDA_27_D1,RC17_after_mesDA_27_D1,RC17_after_mesDA,graft,ES,GFP
RC17_after_mesDA_27_H1,RC17_after_mesDA_27_H1,RC17_after_mesDA,graft,ES,GFP
RC17_after_mesDA_27_A2,RC17_after_mesDA_27_A2,RC17_after_mesDA,graft,ES,GFP
RC17_after_mesDA_27_A1,RC17_after_mesDA_27_A1,RC17_after_mesDA,graft,ES,GFP
RC17_after_mesDA_25_D2,RC17_after_mesDA_25_D2,RC17_after_mesDA,graft,ES,GFP
RC17_after_mesDA_25_H12,RC17_after_mesDA_25_H12,RC17_after_mesDA,graft,ES,GFP
RC17_after_mesDA_27_H5,RC17_after_mesDA_27_H5,RC17_after_mesDA,graft,ES,GFP
RC17_after_mesDA_27_B6,RC17_after_mesDA_27_B6,RC17_after_mesDA,graft,ES,GFP
RC17_after_mesDA_28_G7,RC17_after_mesDA_28_G7,RC17_after_mesDA,graft,ES,GFP
RC17_after_mesDA_27_E6,RC17_after_mesDA_27_E6,RC17_after_mesDA,graft,ES,GFP
RC17_after_mesDA_27_D6,RC17_after_mesDA_27_D6,RC17_after_mesDA,graft,ES,GFP
RC17_after_mesDA_27_A6,RC17_after_mesDA_27_A6,RC17_after_mesDA,graft,ES,GFP
RC17_after_mesDA_27_F6,RC17_after_mesDA_27_F6,RC17_after_mesDA,graft,ES,GFP
RC17_after_mesDA_27_G6,RC17_after_mesDA_27_G6,RC17_after_mesDA,graft,ES,GFP
RC17_after_mesDA_27_A11,RC17_after_mesDA_27_A11,RC17_after_mesDA,graft,ES,GFP
RC17_after_mesDA_27_A7,RC17_after_mesDA_27_A7,RC17_after_mesDA,graft,ES,GFP
RC17_after_mesDA_25_E11,RC17_after_mesDA_25_E11,RC17_after_mesDA,graft,ES,GFP
RC17_after_mesDA_27_H6,RC17_after_mesDA_27_H6,RC17_after_mesDA,graft,ES,GFP
RC17_after_mesDA_28_H8,RC17_after_mesDA_28_H8,RC17_after_mesDA,graft,ES,GFP
RC17_after_mesDA_28_C9,RC17_after_mesDA_28_C9,RC17_after_mesDA,graft,ES,GFP
RC17_after_mesDA_28_H9,RC17_after_mesDA_28_H9,RC17_after_mesDA,graft,ES,GFP
RC17_after_mesDA_28_F9,RC17_after_mesDA_28_F9,RC17_after_mesDA,graft,ES,GFP
RC17_after_mesDA_28_H4,RC17_after_mesDA_28_H4,RC17_after_mesDA,graft,ES,GFP
RC17_after_mesDA_27_B12,RC17_after_mesDA_27_B12,RC17_after_mesDA,graft,ES,GFP
RC17_after_mesDA_27_D12,RC17_after_mesDA_27_D12,RC17_after_mesDA,graft,ES,GFP
RC17_after_mesDA_27_G12,RC17_after_mesDA_27_G12,RC17_after_mesDA,graft,ES,GFP
RC17_after_mesDA_27_F12,RC17_after_mesDA_27_F12,RC17_after_mesDA,graft,ES,GFP
RC17_after_mesDA_27_E12,RC17_after_mesDA_27_E12,RC17_after_mesDA,graft,ES,GFP
RC17_after_mesDA_27_A10,RC17_after_mesDA_27_A10,RC17_after_mesDA,graft,ES,GFP
RC17_after_mesDA_27_D10,RC17_after_mesDA_27_D10,RC17_after_mesDA,graft,ES,GFP
RC17_after_mesDA_27_F9,RC17_after_mesDA_27_F9,RC17_after_mesDA,graft,ES,GFP
RC17_after_mesDA_25_F1,RC17_after_mesDA_25_F1,RC17_after_mesDA,graft,ES,GFP
RC17_after_mesDA_27_G9,RC17_after_mesDA_27_G9,RC17_after_mesDA,graft,ES,GFP
RC17_after_mesDA_27_H9,RC17_after_mesDA_27_H9,RC17_after_mesDA,graft,ES,GFP
RC17_after_mesDA_25_G1,RC17_after_mesDA_25_G1,RC17_after_mesDA,graft,ES,GFP
RC17_after_mesDA_27_E10,RC17_after_mesDA_27_E10,RC17_after_mesDA,graft,ES,GFP
RC17_after_mesDA_25_F5,RC17_after_mesDA_25_F5,RC17_after_mesDA,graft,ES,GFP
RC17_after_mesDA_25_C6,RC17_after_mesDA_25_C6,RC17_after_mesDA,graft,ES,GFP
RC17_after_mesDA_25_D6,RC17_after_mesDA_25_D6,RC17_after_mesDA,graft,ES,GFP
RC17_after_mesDA_25_A6,RC17_after_mesDA_25_A6,RC17_after_mesDA,graft,ES,GFP
RC17_after_mesDA_25_G5,RC17_after_mesDA_25_G5,RC17_after_mesDA,graft,ES,GFP
RC17_after_mesDA_25_E5,RC17_after_mesDA_25_E5,RC17_after_mesDA,graft,ES,GFP
RC17_after_mesDA_25_D5,RC17_after_mesDA_25_D5,RC17_after_mesDA,graft,ES,GFP
RC17_after_mesDA_25_E6,RC17_after_mesDA_25_E6,RC17_after_mesDA,graft,ES,GFP
RC17_after_mesDA_25_H5,RC17_after_mesDA_25_H5,RC17_after_mesDA,graft,ES,GFP
RC17_after_mesDA_25_B6,RC17_after_mesDA_25_B6,RC17_after_mesDA,graft,ES,GFP
RC17_after_mesDA_28_G8,RC17_after_mesDA_28_G8,RC17_after_mesDA,graft,ES,GFP
RC17_after_mesDA_28_F8,RC17_after_mesDA_28_F8,RC17_after_mesDA,graft,ES,GFP
RC17_after_mesDA_25_E1,RC17_after_mesDA_25_E1,RC17_after_mesDA,graft,ES,GFP
RC17_after_mesDA_25_H3,RC17_after_mesDA_25_H3,RC17_after_mesDA,graft,ES,GFP
RC17_after_mesDA_28_D10,RC17_after_mesDA_28_D10,RC17_after_mesDA,graft,ES,GFP
RC17_after_mesDA_28_F10,RC17_after_mesDA_28_F10,RC17_after_mesDA,graft,ES,GFP
RC17_after_mesDA_28_E10,RC17_after_mesDA_28_E10,RC17_after_mesDA,graft,ES,GFP
RC17_after_mesDA_28_B10,RC17_after_mesDA_28_B10,RC17_after_mesDA,graft,ES,GFP
RC17_after_mesDA_28_G10,RC17_after_mesDA_28_G10,RC17_after_mesDA,graft,ES,GFP
RC17_after_mesDA_28_C11,RC17_after_mesDA_28_C11,RC17_after_mesDA,graft,ES,GFP
RC17_after_mesDA_28_C10,RC17_after_mesDA_28_C10,RC17_after_mesDA,graft,ES,GFP
RC17_after_mesDA_25_A2,RC17_after_mesDA_25_A2,RC17_after_mesDA,graft,ES,GFP
RC17_after_mesDA_25_C2,RC17_after_mesDA_25_C2,RC17_after_mesDA,graft,ES,GFP
RC17_after_mesDA_25_H1,RC17_after_mesDA_25_H1,RC17_after_mesDA,graft,ES,GFP
RC17_after_mesDA_25_B2,RC17_after_mesDA_25_B2,RC17_after_mesDA,graft,ES,GFP
RC17_after_mesDA_25_F2,RC17_after_mesDA_25_F2,RC17_after_mesDA,graft,ES,GFP
RC17_after_mesDA_27_G10,RC17_after_mesDA_27_G10,RC17_after_mesDA,graft,ES,GFP
RC17_after_mesDA_27_F10,RC17_after_mesDA_27_F10,RC17_after_mesDA,graft,ES,GFP
RC17_after_mesDA_27_D11,RC17_after_mesDA_27_D11,RC17_after_mesDA,graft,ES,GFP
RC17_after_mesDA_27_C3,RC17_after_mesDA_27_C3,RC17_after_mesDA,graft,ES,GFP
RC17_after_mesDA_27_B3,RC17_after_mesDA_27_B3,RC17_after_mesDA,graft,ES,GFP
RC17_after_mesDA_27_A3,RC17_after_mesDA_27_A3,RC17_after_mesDA,graft,ES,GFP
RC17_after_mesDA_27_G2,RC17_after_mesDA_27_G2,RC17_after_mesDA,graft,ES,GFP
RC17_after_mesDA_27_H2,RC17_after_mesDA_27_H2,RC17_after_mesDA,graft,ES,GFP
RC17_after_mesDA_27_E2,RC17_after_mesDA_27_E2,RC17_after_mesDA,graft,ES,GFP
RC17_after_mesDA_27_E11,RC17_after_mesDA_27_E11,RC17_after_mesDA,graft,ES,GFP
RC17_after_mesDA_27_D3,RC17_after_mesDA_27_D3,RC17_after_mesDA,graft,ES,GFP
RC17_after_mesDA_25_C9,RC17_after_mesDA_25_C9,RC17_after_mesDA,graft,ES,GFP
RC17_after_mesDA_27_D4,RC17_after_mesDA_27_D4,RC17_after_mesDA,graft,ES,GFP
RC17_after_mesDA_25_D9,RC17_after_mesDA_25_D9,RC17_after_mesDA,graft,ES,GFP
RC17_after_mesDA_27_E4,RC17_after_mesDA_27_E4,RC17_after_mesDA,graft,ES,GFP
RC17_after_mesDA_27_G3,RC17_after_mesDA_27_G3,RC17_after_mesDA,graft,ES,GFP
RC17_after_mesDA_27_E3,RC17_after_mesDA_27_E3,RC17_after_mesDA,graft,ES,GFP
RC17_after_mesDA_27_C5,RC17_after_mesDA_27_C5,RC17_after_mesDA,graft,ES,GFP
RC17_after_mesDA_27_B5,RC17_after_mesDA_27_B5,RC17_after_mesDA,graft,ES,GFP
RC17_after_mesDA_28_F2,RC17_after_mesDA_28_F2,RC17_after_mesDA,graft,ES,GFP
RC17_after_mesDA_27_D5,RC17_after_mesDA_27_D5,RC17_after_mesDA,graft,ES,GFP
RC17_after_mesDA_28_E3,RC17_after_mesDA_28_E3,RC17_after_mesDA,graft,ES,GFP
RC17_after_mesDA_28_B3,RC17_after_mesDA_28_B3,RC17_after_mesDA,graft,ES,GFP
RC17_after_mesDA_25_A4,RC17_after_mesDA_25_A4,RC17_after_mesDA,graft,ES,GFP
RC17_after_mesDA_28_C3,RC17_after_mesDA_28_C3,RC17_after_mesDA,graft,ES,GFP
RC17_after_mesDA_28_H2,RC17_after_mesDA_28_H2,RC17_after_mesDA,graft,ES,GFP
RC17_after_mesDA_27_C2,RC17_after_mesDA_27_C2,RC17_after_mesDA,graft,ES,GFP
RC17_after_mesDA_28_G2,RC17_after_mesDA_28_G2,RC17_after_mesDA,graft,ES,GFP
RC17_after_mesDA_27_B2,RC17_after_mesDA_27_B2,RC17_after_mesDA,graft,ES,GFP
RC17_after_mesDA_28_D12,RC17_after_mesDA_28_D12,RC17_after_mesDA,graft,ES,GFP
RC17_after_mesDA_28_E12,RC17_after_mesDA_28_E12,RC17_after_mesDA,graft,ES,GFP
RC17_after_mesDA_28_B12,RC17_after_mesDA_28_B12,RC17_after_mesDA,graft,ES,GFP
RC17_after_mesDA_28_C12,RC17_after_mesDA_28_C12,RC17_after_mesDA,graft,ES,GFP
RC17_after_mesDA_27_C12,RC17_after_mesDA_27_C12,RC17_after_mesDA,graft,ES,GFP
RC17_after_mesDA_25_H9,RC17_after_mesDA_25_H9,RC17_after_mesDA,graft,ES,GFP
RC17_after_mesDA_28_B1,RC17_after_mesDA_28_B1,RC17_after_mesDA,graft,ES,GFP
RC17_after_mesDA_25_C10,RC17_after_mesDA_25_C10,RC17_after_mesDA,graft,ES,GFP
RC17_after_mesDA_25_B10,RC17_after_mesDA_25_B10,RC17_after_mesDA,graft,ES,GFP
RC17_after_mesDA_25_G9,RC17_after_mesDA_25_G9,RC17_after_mesDA,graft,ES,GFP
RC17_after_mesDA_25_F9,RC17_after_mesDA_25_F9,RC17_after_mesDA,graft,ES,GFP
RC17_after_mesDA_25_A10,RC17_after_mesDA_25_A10,RC17_after_mesDA,graft,ES,GFP
RC17_after_mesDA_28_C1,RC17_after_mesDA_28_C1,RC17_after_mesDA,graft,ES,GFP
RC17_after_mesDA_28_F7,RC17_after_mesDA_28_F7,RC17_after_mesDA,graft,ES,GFP
RC17_after_mesDA_27_A12,RC17_after_mesDA_27_A12,RC17_after_mesDA,graft,ES,GFP
RC17_after_mesDA_28_H7,RC17_after_mesDA_28_H7,RC17_after_mesDA,graft,ES,GFP
RC17_after_mesDA_25_E10,RC17_after_mesDA_25_E10,RC17_after_mesDA,graft,ES,GFP
RC17_after_mesDA_25_G10,RC17_after_mesDA_25_G10,RC17_after_mesDA,graft,ES,GFP
RC17_after_mesDA_25_H2,RC17_after_mesDA_25_H2,RC17_after_mesDA,graft,ES,GFP
RC17_after_mesDA_25_D10,RC17_after_mesDA_25_D10,RC17_after_mesDA,graft,ES,GFP
RC17_after_mesDA_25_F10,RC17_after_mesDA_25_F10,RC17_after_mesDA,graft,ES,GFP
RC17_after_mesDA_28_D8,RC17_after_mesDA_28_D8,RC17_after_mesDA,graft,ES,GFP
RC17_after_mesDA_27_C4,RC17_after_mesDA_27_C4,RC17_after_mesDA,graft,ES,GFP
RC17_after_mesDA_28_F12,RC17_after_mesDA_28_F12,RC17_after_mesDA,graft,ES,GFP
RC17_after_mesDA_27_F3,RC17_after_mesDA_27_F3,RC17_after_mesDA,graft,ES,GFP
RC17_after_mesDA_27_A4,RC17_after_mesDA_27_A4,RC17_after_mesDA,graft,ES,GFP
RC17_after_mesDA_28_G12,RC17_after_mesDA_28_G12,RC17_after_mesDA,graft,ES,GFP
RC17_after_mesDA_28_C8,RC17_after_mesDA_28_C8,RC17_after_mesDA,graft,ES,GFP
RC17_after_mesDA_27_B4,RC17_after_mesDA_27_B4,RC17_after_mesDA,graft,ES,GFP
RC17_after_mesDA_27_B7,RC17_after_mesDA_27_B7,RC17_after_mesDA,graft,ES,GFP
RC17_after_mesDA_27_A8,RC17_after_mesDA_27_A8,RC17_after_mesDA,graft,ES,GFP
RC17_after_mesDA_27_C7,RC17_after_mesDA_27_C7,RC17_after_mesDA,graft,ES,GFP
RC17_after_mesDA_27_D7,RC17_after_mesDA_27_D7,RC17_after_mesDA,graft,ES,GFP
RC17_after_mesDA_27_E7,RC17_after_mesDA_27_E7,RC17_after_mesDA,graft,ES,GFP
RC17_after_mesDA_27_C8,RC17_after_mesDA_27_C8,RC17_after_mesDA,graft,ES,GFP
RC17_after_mesDA_27_F7,RC17_after_mesDA_27_F7,RC17_after_mesDA,graft,ES,GFP
RC17_after_mesDA_27_H7,RC17_after_mesDA_27_H7,RC17_after_mesDA,graft,ES,GFP
RC17_after_mesDA_27_G7,RC17_after_mesDA_27_G7,RC17_after_mesDA,graft,ES,GFP
RC17_after_mesDA_25_B8,RC17_after_mesDA_25_B8,RC17_after_mesDA,graft,ES,GFP
RC17_after_mesDA_28_D2,RC17_after_mesDA_28_D2,RC17_after_mesDA,graft,ES,GFP
RC17_after_mesDA_28_H1,RC17_after_mesDA_28_H1,RC17_after_mesDA,graft,ES,GFP
RC17_after_mesDA_28_E2,RC17_after_mesDA_28_E2,RC17_after_mesDA,graft,ES,GFP
RC17_after_mesDA_25_A8,RC17_after_mesDA_25_A8,RC17_after_mesDA,graft,ES,GFP
RC17_after_mesDA_25_A9,RC17_after_mesDA_25_A9,RC17_after_mesDA,graft,ES,GFP
RC17_after_mesDA_28_C2,RC17_after_mesDA_28_C2,RC17_after_mesDA,graft,ES,GFP
RC17_after_mesDA_25_H7,RC17_after_mesDA_25_H7,RC17_after_mesDA,graft,ES,GFP
RC17_after_mesDA_28_D1,RC17_after_mesDA_28_D1,RC17_after_mesDA,graft,ES,GFP
RC17_after_mesDA_28_E1,RC17_after_mesDA_28_E1,RC17_after_mesDA,graft,ES,GFP
RC17_after_mesDA_28_F3,RC17_after_mesDA_28_F3,RC17_after_mesDA,graft,ES,GFP
RC17_after_mesDA_28_F1,RC17_after_mesDA_28_F1,RC17_after_mesDA,graft,ES,GFP
RC17_after_mesDA_28_G1,RC17_after_mesDA_28_G1,RC17_after_mesDA,graft,ES,GFP
RC17_after_mesDA_28_G3,RC17_after_mesDA_28_G3,RC17_after_mesDA,graft,ES,GFP
RC17_after_mesDA_28_D4,RC17_after_mesDA_28_D4,RC17_after_mesDA,graft,ES,GFP
RC17_after_mesDA_28_B4,RC17_after_mesDA_28_B4,RC17_after_mesDA,graft,ES,GFP
RC17_after_mesDA_28_H3,RC17_after_mesDA_28_H3,RC17_after_mesDA,graft,ES,GFP
RC17_after_mesDA_28_B11,RC17_after_mesDA_28_B11,RC17_after_mesDA,graft,ES,GFP
RC17_after_mesDA_28_E4,RC17_after_mesDA_28_E4,RC17_after_mesDA,graft,ES,GFP
RC17_after_mesDA_28_G4,RC17_after_mesDA_28_G4,RC17_after_mesDA,graft,ES,GFP
RC17_after_mesDA_28_C5,RC17_after_mesDA_28_C5,RC17_after_mesDA,graft,ES,GFP
RC17_after_mesDA_28_H5,RC17_after_mesDA_28_H5,RC17_after_mesDA,graft,ES,GFP
RC17_after_mesDA_28_F5,RC17_after_mesDA_28_F5,RC17_after_mesDA,graft,ES,GFP
RC17_after_mesDA_25_A3,RC17_after_mesDA_25_A3,RC17_after_mesDA,graft,ES,GFP
RC17_after_mesDA_28_D5,RC17_after_mesDA_28_D5,RC17_after_mesDA,graft,ES,GFP
RC17_after_mesDA_28_E5,RC17_after_mesDA_28_E5,RC17_after_mesDA,graft,ES,GFP
RC17_after_mesDA_28_B5,RC17_after_mesDA_28_B5,RC17_after_mesDA,graft,ES,GFP
RC17_after_mesDA_28_G5,RC17_after_mesDA_28_G5,RC17_after_mesDA,graft,ES,GFP
RC17_after_mesDA_25_F8,RC17_after_mesDA_25_F8,RC17_after_mesDA,graft,ES,GFP
RC17_after_mesDA_25_E8,RC17_after_mesDA_25_E8,RC17_after_mesDA,graft,ES,GFP
RC17_after_mesDA_25_D8,RC17_after_mesDA_25_D8,RC17_after_mesDA,graft,ES,GFP
RC17_after_mesDA_25_C8,RC17_after_mesDA_25_C8,RC17_after_mesDA,graft,ES,GFP
RC17_after_mesDA_27_H4,RC17_after_mesDA_27_H4,RC17_after_mesDA,graft,ES,GFP
RC17_after_mesDA_27_E5,RC17_after_mesDA_27_E5,RC17_after_mesDA,graft,ES,GFP
RC17_after_mesDA_27_F4,RC17_after_mesDA_27_F4,RC17_after_mesDA,graft,ES,GFP
RC17_after_mesDA_27_G4,RC17_after_mesDA_27_G4,RC17_after_mesDA,graft,ES,GFP
RC17_after_mesDA_27_G5,RC17_after_mesDA_27_G5,RC17_after_mesDA,graft,ES,GFP
RC17_after_mesDA_27_A5,RC17_after_mesDA_27_A5,RC17_after_mesDA,graft,ES,GFP
RC17_after_mesDA_25_G3,RC17_after_mesDA_25_G3,RC17_after_mesDA,graft,ES,GFP
RC17_after_mesDA_27_A9,RC17_after_mesDA_27_A9,RC17_after_mesDA,graft,ES,GFP
RC17_after_mesDA_25_C3,RC17_after_mesDA_25_C3,RC17_after_mesDA,graft,ES,GFP
RC17_after_mesDA_25_F3,RC17_after_mesDA_25_F3,RC17_after_mesDA,graft,ES,GFP
RC17_after_mesDA_27_E9,RC17_after_mesDA_27_E9,RC17_after_mesDA,graft,ES,GFP
RC17_after_mesDA_27_D9,RC17_after_mesDA_27_D9,RC17_after_mesDA,graft,ES,GFP
RC17_after_mesDA_25_B3,RC17_after_mesDA_25_B3,RC17_after_mesDA,graft,ES,GFP
RC17_after_mesDA_25_E3,RC17_after_mesDA_25_E3,RC17_after_mesDA,graft,ES,GFP
RC17_after_mesDA_27_C9,RC17_after_mesDA_27_C9,RC17_after_mesDA,graft,ES,GFP
RC17_after_mesDA_27_H8,RC17_after_mesDA_27_H8,RC17_after_mesDA,graft,ES,GFP
RC17_after_mesDA_27_B11,RC17_after_mesDA_27_B11,RC17_after_mesDA,graft,ES,GFP
RC17_after_mesDA_25_A11,RC17_after_mesDA_25_A11,RC17_after_mesDA,graft,ES,GFP
RC17_after_mesDA_25_C11,RC17_after_mesDA_25_C11,RC17_after_mesDA,graft,ES,GFP
RC17_after_mesDA_25_H10,RC17_after_mesDA_25_H10,RC17_after_mesDA,graft,ES,GFP
RC17_after_mesDA_25_B11,RC17_after_mesDA_25_B11,RC17_after_mesDA,graft,ES,GFP
RC17_after_mesDA_27_G11,RC17_after_mesDA_27_G11,RC17_after_mesDA,graft,ES,GFP
RC17_after_mesDA_27_H10,RC17_after_mesDA_27_H10,RC17_after_mesDA,graft,ES,GFP
RC17_after_mesDA_27_F11,RC17_after_mesDA_27_F11,RC17_after_mesDA,graft,ES,GFP
RC17_after_mesDA_27_C11,RC17_after_mesDA_27_C11,RC17_after_mesDA,graft,ES,GFP
RC17_after_mesDA_27_G8,RC17_after_mesDA_27_G8,RC17_after_mesDA,graft,ES,GFP
RC17_after_mesDA_27_F8,RC17_after_mesDA_27_F8,RC17_after_mesDA,graft,ES,GFP
RC17_after_mesDA_25_E12,RC17_after_mesDA_25_E12,RC17_after_mesDA,graft,ES,GFP
RC17_after_mesDA_27_B9,RC17_after_mesDA_27_B9,RC17_after_mesDA,graft,ES,GFP
RC17_after_mesDA_27_E8,RC17_after_mesDA_27_E8,RC17_after_mesDA,graft,ES,GFP
RC17_after_mesDA_27_D8,RC17_after_mesDA_27_D8,RC17_after_mesDA,graft,ES,GFP
RC17_after_mesDA_25_D12,RC17_after_mesDA_25_D12,RC17_after_mesDA,graft,ES,GFP
RC17_after_mesDA_25_G12,RC17_after_mesDA_25_G12,RC17_after_mesDA,graft,ES,GFP
RC17_after_mesDA_27_F5,RC17_after_mesDA_27_F5,RC17_after_mesDA,graft,ES,GFP
RC17_after_mesDA_25_F12,RC17_after_mesDA_25_F12,RC17_after_mesDA,graft,ES,GFP
RC17_after_mesDA_28_D3,RC17_after_mesDA_28_D3,RC17_after_mesDA,graft,ES,GFP
RC17_after_mesDA_28_B8,RC17_after_mesDA_28_B8,RC17_after_mesDA,graft,ES,GFP
RC17_after_mesDA_28_E8,RC17_after_mesDA_28_E8,RC17_after_mesDA,graft,ES,GFP
RC17_after_mesDA_25_A12,RC17_after_mesDA_25_A12,RC17_after_mesDA,graft,ES,GFP
RC17_after_mesDA_28_D11,RC17_after_mesDA_28_D11,RC17_after_mesDA,graft,ES,GFP
RC17_after_mesDA_28_F11,RC17_after_mesDA_28_F11,RC17_after_mesDA,graft,ES,GFP
RC17_after_mesDA_28_E11,RC17_after_mesDA_28_E11,RC17_after_mesDA,graft,ES,GFP
RC17_after_mesDA_28_G11,RC17_after_mesDA_28_G11,RC17_after_mesDA,graft,ES,GFP
RC17_after_mesDA_25_G11,RC17_after_mesDA_25_G11,RC17_after_mesDA,graft,ES,GFP
RC17_after_mesDA_25_B12,RC17_after_mesDA_25_B12,RC17_after_mesDA,graft,ES,GFP
RC17_after_mesDA_25_F11,RC17_after_mesDA_25_F11,RC17_after_mesDA,graft,ES,GFP
RC17_after_mesDA_25_C12,RC17_after_mesDA_25_C12,RC17_after_mesDA,graft,ES,GFP
RC17_after_mesDA_25_H11,RC17_after_mesDA_25_H11,RC17_after_mesDA,graft,ES,GFP
RC17_before_11_B1,RC17_before_11_B1,RC17_before,Culture,ES,size
RC17_before_11_C1,RC17_before_11_C1,RC17_before,Culture,ES,size
RC17_before_13_G3,RC17_before_13_G3,RC17_before,Culture,ES,size
RC17_before_13_F3,RC17_before_13_F3,RC17_before,Culture,ES,size
RC17_before_13_B4,RC17_before_13_B4,RC17_before,Culture,ES,size
RC17_before_13_D3,RC17_before_13_D3,RC17_before,Culture,ES,size
RC17_before_13_E3,RC17_before_13_E3,RC17_before,Culture,ES,size
RC17_before_13_H2,RC17_before_13_H2,RC17_before,Culture,ES,size
RC17_before_13_A3,RC17_before_13_A3,RC17_before,Culture,ES,size
RC17_before_13_B3,RC17_before_13_B3,RC17_before,Culture,ES,size
RC17_before_13_C3,RC17_before_13_C3,RC17_before,Culture,ES,size
RC17_before_13_E2,RC17_before_13_E2,RC17_before,Culture,ES,size
RC17_before_11_A1,RC17_before_11_A1,RC17_before,Culture,ES,size
RC17_before_12_D8,RC17_before_12_D8,RC17_before,Culture,ES,size
RC17_before_12_E5,RC17_before_12_E5,RC17_before,Culture,ES,size
RC17_before_12_D5,RC17_before_12_D5,RC17_before,Culture,ES,size
RC17_before_12_C5,RC17_before_12_C5,RC17_before,Culture,ES,size
RC17_before_12_B5,RC17_before_12_B5,RC17_before,Culture,ES,size
RC17_before_12_A5,RC17_before_12_A5,RC17_before,Culture,ES,size
RC17_before_12_H4,RC17_before_12_H4,RC17_before,Culture,ES,size
RC17_before_12_G4,RC17_before_12_G4,RC17_before,Culture,ES,size
RC17_before_12_F4,RC17_before_12_F4,RC17_before,Culture,ES,size
RC17_before_12_E4,RC17_before_12_E4,RC17_before,Culture,ES,size
RC17_before_12_D4,RC17_before_12_D4,RC17_before,Culture,ES,size
RC17_before_14_H6,RC17_before_14_H6,RC17_before,Culture,ES,size
RC17_before_14_F6,RC17_before_14_F6,RC17_before,Culture,ES,size
RC17_before_14_G6,RC17_before_14_G6,RC17_before,Culture,ES,size
RC17_before_14_D7,RC17_before_14_D7,RC17_before,Culture,ES,size
RC17_before_14_E7,RC17_before_14_E7,RC17_before,Culture,ES,size
RC17_before_14_B7,RC17_before_14_B7,RC17_before,Culture,ES,size
RC17_before_14_C7,RC17_before_14_C7,RC17_before,Culture,ES,size
RC17_before_14_A7,RC17_before_14_A7,RC17_before,Culture,ES,size
RC17_before_12_E8,RC17_before_12_E8,RC17_before,Culture,ES,size
RC17_before_12_H8,RC17_before_12_H8,RC17_before,Culture,ES,size
RC17_before_12_A9,RC17_before_12_A9,RC17_before,Culture,ES,size
RC17_before_12_F8,RC17_before_12_F8,RC17_before,Culture,ES,size
RC17_before_12_G8,RC17_before_12_G8,RC17_before,Culture,ES,size
RC17_before_12_B3,RC17_before_12_B3,RC17_before,Culture,ES,size
RC17_before_12_F6,RC17_before_12_F6,RC17_before,Culture,ES,size
RC17_before_12_G6,RC17_before_12_G6,RC17_before,Culture,ES,size
RC17_before_12_G5,RC17_before_12_G5,RC17_before,Culture,ES,size
RC17_before_12_A6,RC17_before_12_A6,RC17_before,Culture,ES,size
RC17_before_12_C6,RC17_before_12_C6,RC17_before,Culture,ES,size
RC17_before_12_D6,RC17_before_12_D6,RC17_before,Culture,ES,size
RC17_before_12_E6,RC17_before_12_E6,RC17_before,Culture,ES,size
RC17_before_12_H5,RC17_before_12_H5,RC17_before,Culture,ES,size
RC17_before_14_H12,RC17_before_14_H12,RC17_before,Culture,ES,size
RC17_before_14_G8,RC17_before_14_G8,RC17_before,Culture,ES,size
RC17_before_14_A9,RC17_before_14_A9,RC17_before,Culture,ES,size
RC17_before_14_H8,RC17_before_14_H8,RC17_before,Culture,ES,size
RC17_before_14_F8,RC17_before_14_F8,RC17_before,Culture,ES,size
RC17_before_14_E8,RC17_before_14_E8,RC17_before,Culture,ES,size
RC17_before_14_D8,RC17_before_14_D8,RC17_before,Culture,ES,size
RC17_before_11_F7,RC17_before_11_F7,RC17_before,Culture,ES,size
RC17_before_11_A8,RC17_before_11_A8,RC17_before,Culture,ES,size
RC17_before_11_H7,RC17_before_11_H7,RC17_before,Culture,ES,size
RC17_before_11_C8,RC17_before_11_C8,RC17_before,Culture,ES,size
RC17_before_11_B8,RC17_before_11_B8,RC17_before,Culture,ES,size
RC17_before_11_E8,RC17_before_11_E8,RC17_before,Culture,ES,size
RC17_before_11_D8,RC17_before_11_D8,RC17_before,Culture,ES,size
RC17_before_11_G8,RC17_before_11_G8,RC17_before,Culture,ES,size
RC17_before_11_F8,RC17_before_11_F8,RC17_before,Culture,ES,size
RC17_before_13_B2,RC17_before_13_B2,RC17_before,Culture,ES,size
RC17_before_11_A5,RC17_before_11_A5,RC17_before,Culture,ES,size
RC17_before_14_H9,RC17_before_14_H9,RC17_before,Culture,ES,size
RC17_before_13_F2,RC17_before_13_F2,RC17_before,Culture,ES,size
RC17_before_13_G2,RC17_before_13_G2,RC17_before,Culture,ES,size
RC17_before_14_A5,RC17_before_14_A5,RC17_before,Culture,ES,size
RC17_before_14_B5,RC17_before_14_B5,RC17_before,Culture,ES,size
RC17_before_14_F4,RC17_before_14_F4,RC17_before,Culture,ES,size
RC17_before_14_G4,RC17_before_14_G4,RC17_before,Culture,ES,size
RC17_before_14_H4,RC17_before_14_H4,RC17_before,Culture,ES,size
RC17_before_14_B4,RC17_before_14_B4,RC17_before,Culture,ES,size
RC17_before_14_C5,RC17_before_14_C5,RC17_before,Culture,ES,size
RC17_before_12_H9,RC17_before_12_H9,RC17_before,Culture,ES,size
RC17_before_14_H3,RC17_before_14_H3,RC17_before,Culture,ES,size
RC17_before_11_D9,RC17_before_11_D9,RC17_before,Culture,ES,size
RC17_before_11_E9,RC17_before_11_E9,RC17_before,Culture,ES,size
RC17_before_11_F9,RC17_before_11_F9,RC17_before,Culture,ES,size
RC17_before_11_H8,RC17_before_11_H8,RC17_before,Culture,ES,size
RC17_before_11_A9,RC17_before_11_A9,RC17_before,Culture,ES,size
RC17_before_11_B9,RC17_before_11_B9,RC17_before,Culture,ES,size
RC17_before_11_G9,RC17_before_11_G9,RC17_before,Culture,ES,size
RC17_before_13_F4,RC17_before_13_F4,RC17_before,Culture,ES,size
RC17_before_13_G4,RC17_before_13_G4,RC17_before,Culture,ES,size
RC17_before_14_F5,RC17_before_14_F5,RC17_before,Culture,ES,size
RC17_before_14_H5,RC17_before_14_H5,RC17_before,Culture,ES,size
RC17_before_14_C6,RC17_before_14_C6,RC17_before,Culture,ES,size
RC17_before_14_B6,RC17_before_14_B6,RC17_before,Culture,ES,size
RC17_before_14_G5,RC17_before_14_G5,RC17_before,Culture,ES,size
RC17_before_14_F12,RC17_before_14_F12,RC17_before,Culture,ES,size
RC17_before_11_H3,RC17_before_11_H3,RC17_before,Culture,ES,size
RC17_before_11_A4,RC17_before_11_A4,RC17_before,Culture,ES,size
RC17_before_11_B4,RC17_before_11_B4,RC17_before,Culture,ES,size
RC17_before_11_C4,RC17_before_11_C4,RC17_before,Culture,ES,size
RC17_before_11_D4,RC17_before_11_D4,RC17_before,Culture,ES,size
RC17_before_11_E4,RC17_before_11_E4,RC17_before,Culture,ES,size
RC17_before_11_F4,RC17_before_11_F4,RC17_before,Culture,ES,size
RC17_before_14_D4,RC17_before_14_D4,RC17_before,Culture,ES,size
RC17_before_14_E4,RC17_before_14_E4,RC17_before,Culture,ES,size
RC17_before_11_C7,RC17_before_11_C7,RC17_before,Culture,ES,size
RC17_before_11_H6,RC17_before_11_H6,RC17_before,Culture,ES,size
RC17_before_11_A7,RC17_before_11_A7,RC17_before,Culture,ES,size
RC17_before_11_E7,RC17_before_11_E7,RC17_before,Culture,ES,size
RC17_before_12_E2,RC17_before_12_E2,RC17_before,Culture,ES,size
RC17_before_12_D2,RC17_before_12_D2,RC17_before,Culture,ES,size
RC17_before_12_G2,RC17_before_12_G2,RC17_before,Culture,ES,size
RC17_before_12_F2,RC17_before_12_F2,RC17_before,Culture,ES,size
RC17_before_12_H1,RC17_before_12_H1,RC17_before,Culture,ES,size
RC17_before_12_C2,RC17_before_12_C2,RC17_before,Culture,ES,size
RC17_before_12_B2,RC17_before_12_B2,RC17_before,Culture,ES,size
RC17_before_12_A2,RC17_before_12_A2,RC17_before,Culture,ES,size
RC17_before_13_C7,RC17_before_13_C7,RC17_before,Culture,ES,size
RC17_before_13_B7,RC17_before_13_B7,RC17_before,Culture,ES,size
RC17_before_13_C6,RC17_before_13_C6,RC17_before,Culture,ES,size
RC17_before_13_B6,RC17_before_13_B6,RC17_before,Culture,ES,size
RC17_before_13_E6,RC17_before_13_E6,RC17_before,Culture,ES,size
RC17_before_13_D6,RC17_before_13_D6,RC17_before,Culture,ES,size
RC17_before_13_G6,RC17_before_13_G6,RC17_before,Culture,ES,size
RC17_before_13_F6,RC17_before_13_F6,RC17_before,Culture,ES,size
RC17_before_13_A11,RC17_before_13_A11,RC17_before,Culture,ES,size
RC17_before_12_A8,RC17_before_12_A8,RC17_before,Culture,ES,size
RC17_before_12_H7,RC17_before_12_H7,RC17_before,Culture,ES,size
RC17_before_13_H10,RC17_before_13_H10,RC17_before,Culture,ES,size
RC17_before_12_A7,RC17_before_12_A7,RC17_before,Culture,ES,size
RC17_before_12_H6,RC17_before_12_H6,RC17_before,Culture,ES,size
RC17_before_12_C7,RC17_before_12_C7,RC17_before,Culture,ES,size
RC17_before_11_B5,RC17_before_11_B5,RC17_before,Culture,ES,size
RC17_before_11_C6,RC17_before_11_C6,RC17_before,Culture,ES,size
RC17_before_11_B6,RC17_before_11_B6,RC17_before,Culture,ES,size
RC17_before_13_F9,RC17_before_13_F9,RC17_before,Culture,ES,size
RC17_before_14_E2,RC17_before_14_E2,RC17_before,Culture,ES,size
RC17_before_14_D2,RC17_before_14_D2,RC17_before,Culture,ES,size
RC17_before_14_C2,RC17_before_14_C2,RC17_before,Culture,ES,size
RC17_before_14_B2,RC17_before_14_B2,RC17_before,Culture,ES,size
RC17_before_13_H12,RC17_before_13_H12,RC17_before,Culture,ES,size
RC17_before_14_A1,RC17_before_14_A1,RC17_before,Culture,ES,size
RC17_before_14_B1,RC17_before_14_B1,RC17_before,Culture,ES,size
RC17_before_14_C1,RC17_before_14_C1,RC17_before,Culture,ES,size
RC17_before_13_G12,RC17_before_13_G12,RC17_before,Culture,ES,size
RC17_before_14_E1,RC17_before_14_E1,RC17_before,Culture,ES,size
RC17_before_13_A7,RC17_before_13_A7,RC17_before,Culture,ES,size
RC17_before_13_H6,RC17_before_13_H6,RC17_before,Culture,ES,size
RC17_before_12_G9,RC17_before_12_G9,RC17_before,Culture,ES,size
RC17_before_12_F9,RC17_before_12_F9,RC17_before,Culture,ES,size
RC17_before_12_E9,RC17_before_12_E9,RC17_before,Culture,ES,size
RC17_before_12_D9,RC17_before_12_D9,RC17_before,Culture,ES,size
RC17_before_12_C10,RC17_before_12_C10,RC17_before,Culture,ES,size
RC17_before_11_B12,RC17_before_11_B12,RC17_before,Culture,ES,size
RC17_before_11_A12,RC17_before_11_A12,RC17_before,Culture,ES,size
RC17_before_12_A4,RC17_before_12_A4,RC17_before,Culture,ES,size
RC17_before_11_D12,RC17_before_11_D12,RC17_before,Culture,ES,size
RC17_before_11_E12,RC17_before_11_E12,RC17_before,Culture,ES,size
RC17_before_13_F7,RC17_before_13_F7,RC17_before,Culture,ES,size
RC17_before_14_E6,RC17_before_14_E6,RC17_before,Culture,ES,size
RC17_before_14_D6,RC17_before_14_D6,RC17_before,Culture,ES,size
RC17_before_14_E5,RC17_before_14_E5,RC17_before,Culture,ES,size
RC17_before_14_D5,RC17_before_14_D5,RC17_before,Culture,ES,size
RC17_before_13_C2,RC17_before_13_C2,RC17_before,Culture,ES,size
RC17_before_12_B9,RC17_before_12_B9,RC17_before,Culture,ES,size
RC17_before_12_C9,RC17_before_12_C9,RC17_before,Culture,ES,size
RC17_before_13_D7,RC17_before_13_D7,RC17_before,Culture,ES,size
RC17_before_13_E7,RC17_before_13_E7,RC17_before,Culture,ES,size
RC17_before_12_E10,RC17_before_12_E10,RC17_before,Culture,ES,size
RC17_before_13_G7,RC17_before_13_G7,RC17_before,Culture,ES,size
RC17_before_14_G2,RC17_before_14_G2,RC17_before,Culture,ES,size
RC17_before_14_F2,RC17_before_14_F2,RC17_before,Culture,ES,size
RC17_before_14_A2,RC17_before_14_A2,RC17_before,Culture,ES,size
RC17_before_14_G1,RC17_before_14_G1,RC17_before,Culture,ES,size
RC17_before_14_F1,RC17_before_14_F1,RC17_before,Culture,ES,size
RC17_before_11_E2,RC17_before_11_E2,RC17_before,Culture,ES,size
RC17_before_11_B2,RC17_before_11_B2,RC17_before,Culture,ES,size
RC17_before_12_B4,RC17_before_12_B4,RC17_before,Culture,ES,size
RC17_before_12_B8,RC17_before_12_B8,RC17_before,Culture,ES,size
RC17_before_12_C8,RC17_before_12_C8,RC17_before,Culture,ES,size
RC17_before_12_C1,RC17_before_12_C1,RC17_before,Culture,ES,size
RC17_before_12_B1,RC17_before_12_B1,RC17_before,Culture,ES,size
RC17_before_11_A10,RC17_before_11_A10,RC17_before,Culture,ES,size
RC17_before_14_G11,RC17_before_14_G11,RC17_before,Culture,ES,size
RC17_before_11_C3,RC17_before_11_C3,RC17_before,Culture,ES,size
RC17_before_11_B3,RC17_before_11_B3,RC17_before,Culture,ES,size
RC17_before_11_E3,RC17_before_11_E3,RC17_before,Culture,ES,size
RC17_before_11_D3,RC17_before_11_D3,RC17_before,Culture,ES,size
RC17_before_11_G2,RC17_before_11_G2,RC17_before,Culture,ES,size
RC17_before_13_F10,RC17_before_13_F10,RC17_before,Culture,ES,size
RC17_before_13_D10,RC17_before_13_D10,RC17_before,Culture,ES,size
RC17_before_13_C10,RC17_before_13_C10,RC17_before,Culture,ES,size
RC17_before_13_G10,RC17_before_13_G10,RC17_before,Culture,ES,size
RC17_before_11_G7,RC17_before_11_G7,RC17_before,Culture,ES,size
RC17_before_12_C3,RC17_before_12_C3,RC17_before,Culture,ES,size
RC17_before_12_E1,RC17_before_12_E1,RC17_before,Culture,ES,size
RC17_before_12_D1,RC17_before_12_D1,RC17_before,Culture,ES,size
RC17_before_11_G12,RC17_before_11_G12,RC17_before,Culture,ES,size
RC17_before_11_F12,RC17_before_11_F12,RC17_before,Culture,ES,size
RC17_before_12_A1,RC17_before_12_A1,RC17_before,Culture,ES,size
RC17_before_11_H12,RC17_before_11_H12,RC17_before,Culture,ES,size
RC17_before_12_G1,RC17_before_12_G1,RC17_before,Culture,ES,size
RC17_before_12_G11,RC17_before_12_G11,RC17_before,Culture,ES,size
RC17_before_12_B11,RC17_before_12_B11,RC17_before,Culture,ES,size
RC17_before_12_C11,RC17_before_12_C11,RC17_before,Culture,ES,size
RC17_before_12_D11,RC17_before_12_D11,RC17_before,Culture,ES,size
RC17_before_12_E11,RC17_before_12_E11,RC17_before,Culture,ES,size
RC17_before_12_F10,RC17_before_12_F10,RC17_before,Culture,ES,size
RC17_before_12_G10,RC17_before_12_G10,RC17_before,Culture,ES,size
RC17_before_12_H10,RC17_before_12_H10,RC17_before,Culture,ES,size
RC17_before_12_A11,RC17_before_12_A11,RC17_before,Culture,ES,size
RC17_before_14_D12,RC17_before_14_D12,RC17_before,Culture,ES,size
RC17_before_14_E12,RC17_before_14_E12,RC17_before,Culture,ES,size
RC17_before_14_B12,RC17_before_14_B12,RC17_before,Culture,ES,size
RC17_before_14_C12,RC17_before_14_C12,RC17_before,Culture,ES,size
RC17_before_14_H11,RC17_before_14_H11,RC17_before,Culture,ES,size
RC17_before_14_A12,RC17_before_14_A12,RC17_before,Culture,ES,size
RC17_before_14_F11,RC17_before_14_F11,RC17_before,Culture,ES,size
RC17_before_12_H12,RC17_before_12_H12,RC17_before,Culture,ES,size
RC17_before_12_E12,RC17_before_12_E12,RC17_before,Culture,ES,size
RC17_before_12_D12,RC17_before_12_D12,RC17_before,Culture,ES,size
RC17_before_12_G12,RC17_before_12_G12,RC17_before,Culture,ES,size
RC17_before_12_F12,RC17_before_12_F12,RC17_before,Culture,ES,size
RC17_before_12_A12,RC17_before_12_A12,RC17_before,Culture,ES,size
RC17_before_12_H11,RC17_before_12_H11,RC17_before,Culture,ES,size
RC17_before_12_C12,RC17_before_12_C12,RC17_before,Culture,ES,size
RC17_before_12_B12,RC17_before_12_B12,RC17_before,Culture,ES,size
RC17_before_13_G5,RC17_before_13_G5,RC17_before,Culture,ES,size
RC17_before_13_D5,RC17_before_13_D5,RC17_before,Culture,ES,size
RC17_before_13_E5,RC17_before_13_E5,RC17_before,Culture,ES,size
RC17_before_12_H3,RC17_before_12_H3,RC17_before,Culture,ES,size
RC17_before_12_F3,RC17_before_12_F3,RC17_before,Culture,ES,size
RC17_before_12_E3,RC17_before_12_E3,RC17_before,Culture,ES,size
RC17_before_13_E8,RC17_before_13_E8,RC17_before,Culture,ES,size
RC17_before_13_D8,RC17_before_13_D8,RC17_before,Culture,ES,size
RC17_before_12_G3,RC17_before_12_G3,RC17_before,Culture,ES,size
RC17_before_12_D3,RC17_before_12_D3,RC17_before,Culture,ES,size
RC17_before_11_C2,RC17_before_11_C2,RC17_before,Culture,ES,size
RC17_before_11_A2,RC17_before_11_A2,RC17_before,Culture,ES,size
RC17_before_11_F1,RC17_before_11_F1,RC17_before,Culture,ES,size
RC17_before_11_G1,RC17_before_11_G1,RC17_before,Culture,ES,size
RC17_before_11_D1,RC17_before_11_D1,RC17_before,Culture,ES,size
RC17_before_11_E1,RC17_before_11_E1,RC17_before,Culture,ES,size
RC17_before_14_B3,RC17_before_14_B3,RC17_before,Culture,ES,size
RC17_before_12_D10,RC17_before_12_D10,RC17_before,Culture,ES,size
RC17_before_11_C11,RC17_before_11_C11,RC17_before,Culture,ES,size
RC17_before_11_B11,RC17_before_11_B11,RC17_before,Culture,ES,size
RC17_before_11_E10,RC17_before_11_E10,RC17_before,Culture,ES,size
RC17_before_11_D10,RC17_before_11_D10,RC17_before,Culture,ES,size
RC17_before_11_C10,RC17_before_11_C10,RC17_before,Culture,ES,size
RC17_before_11_B10,RC17_before_11_B10,RC17_before,Culture,ES,size
RC17_before_11_A11,RC17_before_11_A11,RC17_before,Culture,ES,size
RC17_before_11_H10,RC17_before_11_H10,RC17_before,Culture,ES,size
RC17_before_11_G10,RC17_before_11_G10,RC17_before,Culture,ES,size
RC17_before_11_F10,RC17_before_11_F10,RC17_before,Culture,ES,size
RC17_before_13_G11,RC17_before_13_G11,RC17_before,Culture,ES,size
RC17_before_13_A12,RC17_before_13_A12,RC17_before,Culture,ES,size
RC17_before_13_C11,RC17_before_13_C11,RC17_before,Culture,ES,size
RC17_before_13_B12,RC17_before_13_B12,RC17_before,Culture,ES,size
RC17_before_12_F11,RC17_before_12_F11,RC17_before,Culture,ES,size
RC17_before_11_G4,RC17_before_11_G4,RC17_before,Culture,ES,size
RC17_before_14_D3,RC17_before_14_D3,RC17_before,Culture,ES,size
RC17_before_14_C3,RC17_before_14_C3,RC17_before,Culture,ES,size
RC17_before_14_H2,RC17_before_14_H2,RC17_before,Culture,ES,size
RC17_before_14_G3,RC17_before_14_G3,RC17_before,Culture,ES,size
RC17_before_14_F3,RC17_before_14_F3,RC17_before,Culture,ES,size
RC17_before_14_E3,RC17_before_14_E3,RC17_before,Culture,ES,size
RC17_before_14_D1,RC17_before_14_D1,RC17_before,Culture,ES,size
RC17_before_14_G12,RC17_before_14_G12,RC17_before,Culture,ES,size
RC17_before_11_C12,RC17_before_11_C12,RC17_before,Culture,ES,size
RC17_before_11_F11,RC17_before_11_F11,RC17_before,Culture,ES,size
RC17_before_11_G11,RC17_before_11_G11,RC17_before,Culture,ES,size
RC17_before_11_D11,RC17_before_11_D11,RC17_before,Culture,ES,size
RC17_before_11_E11,RC17_before_11_E11,RC17_before,Culture,ES,size
RC17_before_12_B7,RC17_before_12_B7,RC17_before,Culture,ES,size
RC17_before_12_E7,RC17_before_12_E7,RC17_before,Culture,ES,size
RC17_before_12_D7,RC17_before_12_D7,RC17_before,Culture,ES,size
RC17_before_12_G7,RC17_before_12_G7,RC17_before,Culture,ES,size
RC17_before_12_F7,RC17_before_12_F7,RC17_before,Culture,ES,size
RC17_before_11_C9,RC17_before_11_C9,RC17_before,Culture,ES,size
RC17_before_14_D10,RC17_before_14_D10,RC17_before,Culture,ES,size
RC17_before_14_A4,RC17_before_14_A4,RC17_before,Culture,ES,size
RC17_before_14_E11,RC17_before_14_E11,RC17_before,Culture,ES,size
RC17_before_14_A11,RC17_before_14_A11,RC17_before,Culture,ES,size
RC17_before_14_H10,RC17_before_14_H10,RC17_before,Culture,ES,size
RC17_before_14_B11,RC17_before_14_B11,RC17_before,Culture,ES,size
RC17_before_14_E10,RC17_before_14_E10,RC17_before,Culture,ES,size
RC17_before_14_G10,RC17_before_14_G10,RC17_before,Culture,ES,size
RC17_before_14_F10,RC17_before_14_F10,RC17_before,Culture,ES,size
RC17_before_14_D11,RC17_before_14_D11,RC17_before,Culture,ES,size
RC17_before_13_H7,RC17_before_13_H7,RC17_before,Culture,ES,size
RC17_before_13_B8,RC17_before_13_B8,RC17_before,Culture,ES,size
RC17_before_13_A8,RC17_before_13_A8,RC17_before,Culture,ES,size
RC17_before_13_H5,RC17_before_13_H5,RC17_before,Culture,ES,size
RC17_before_13_A6,RC17_before_13_A6,RC17_before,Culture,ES,size
RC17_before_13_C8,RC17_before_13_C8,RC17_before,Culture,ES,size
RC17_before_13_F5,RC17_before_13_F5,RC17_before,Culture,ES,size
RC17_before_14_C8,RC17_before_14_C8,RC17_before,Culture,ES,size
RC17_before_14_B8,RC17_before_14_B8,RC17_before,Culture,ES,size
RC17_before_14_A8,RC17_before_14_A8,RC17_before,Culture,ES,size
RC17_before_14_H7,RC17_before_14_H7,RC17_before,Culture,ES,size
RC17_before_11_D5,RC17_before_11_D5,RC17_before,Culture,ES,size
RC17_before_11_C5,RC17_before_11_C5,RC17_before,Culture,ES,size
RC17_before_11_E5,RC17_before_11_E5,RC17_before,Culture,ES,size
RC17_before_11_H5,RC17_before_11_H5,RC17_before,Culture,ES,size
RC17_before_11_A6,RC17_before_11_A6,RC17_before,Culture,ES,size
RC17_before_14_G7,RC17_before_14_G7,RC17_before,Culture,ES,size
RC17_before_12_C4,RC17_before_12_C4,RC17_before,Culture,ES,size
RC17_before_14_F7,RC17_before_14_F7,RC17_before,Culture,ES,size
RC17_before_14_E9,RC17_before_14_E9,RC17_before,Culture,ES,size
RC17_before_14_G9,RC17_before_14_G9,RC17_before,Culture,ES,size
RC17_before_14_D9,RC17_before_14_D9,RC17_before,Culture,ES,size
RC17_before_14_F9,RC17_before_14_F9,RC17_before,Culture,ES,size
RC17_before_11_E6,RC17_before_11_E6,RC17_before,Culture,ES,size
RC17_before_11_B7,RC17_before_11_B7,RC17_before,Culture,ES,size
RC17_before_11_G5,RC17_before_11_G5,RC17_before,Culture,ES,size
RC17_before_11_G6,RC17_before_11_G6,RC17_before,Culture,ES,size
RC17_before_11_D6,RC17_before_11_D6,RC17_before,Culture,ES,size
RC17_before_11_F6,RC17_before_11_F6,RC17_before,Culture,ES,size
RC17_before_11_F5,RC17_before_11_F5,RC17_before,Culture,ES,size
RC17_before_12_H2,RC17_before_12_H2,RC17_before,Culture,ES,size
RC17_before_12_A3,RC17_before_12_A3,RC17_before,Culture,ES,size
RC17_before_12_F1,RC17_before_12_F1,RC17_before,Culture,ES,size
RC17_before_14_C10,RC17_before_14_C10,RC17_before,Culture,ES,size
RC17_before_14_B10,RC17_before_14_B10,RC17_before,Culture,ES,size
RC17_before_13_A9,RC17_before_13_A9,RC17_before,Culture,ES,size
RC17_before_13_C9,RC17_before_13_C9,RC17_before,Culture,ES,size
RC17_before_13_B9,RC17_before_13_B9,RC17_before,Culture,ES,size
RC17_before_14_C9,RC17_before_14_C9,RC17_before,Culture,ES,size
RC17_before_13_H8,RC17_before_13_H8,RC17_before,Culture,ES,size
RC17_before_11_G3,RC17_before_11_G3,RC17_before,Culture,ES,size
RC17_before_13_G8,RC17_before_13_G8,RC17_before,Culture,ES,size
RC17_before_11_F3,RC17_before_11_F3,RC17_before,Culture,ES,size
RC17_before_15_F5,RC17_before_15_F5,RC17_before,Culture,ES,size
RC17_before_15_B5,RC17_before_15_B5,RC17_before,Culture,ES,size
RC17_before_15_H5,RC17_before_15_H5,RC17_before,Culture,ES,size
RC17_before_15_D5,RC17_before_15_D5,RC17_before,Culture,ES,size
RC17_before_15_D11,RC17_before_15_D11,RC17_before,Culture,ES,size
RC17_before_15_G6,RC17_before_15_G6,RC17_before,Culture,ES,size
RC17_before_15_E11,RC17_before_15_E11,RC17_before,Culture,ES,size
RC17_before_15_H6,RC17_before_15_H6,RC17_before,Culture,ES,size
RC17_before_15_D7,RC17_before_15_D7,RC17_before,Culture,ES,size
RC17_before_15_C11,RC17_before_15_C11,RC17_before,Culture,ES,size
RC17_before_15_E7,RC17_before_15_E7,RC17_before,Culture,ES,size
RC17_before_15_B11,RC17_before_15_B11,RC17_before,Culture,ES,size
RC17_before_15_C6,RC17_before_15_C6,RC17_before,Culture,ES,size
RC17_before_15_G11,RC17_before_15_G11,RC17_before,Culture,ES,size
RC17_before_15_F11,RC17_before_15_F11,RC17_before,Culture,ES,size
RC17_before_15_G2,RC17_before_15_G2,RC17_before,Culture,ES,size
RC17_before_15_B3,RC17_before_15_B3,RC17_before,Culture,ES,size
RC17_before_15_E3,RC17_before_15_E3,RC17_before,Culture,ES,size
RC17_before_15_F2,RC17_before_15_F2,RC17_before,Culture,ES,size
RC17_before_15_D3,RC17_before_15_D3,RC17_before,Culture,ES,size
RC17_before_15_D2,RC17_before_15_D2,RC17_before,Culture,ES,size
RC17_before_15_E2,RC17_before_15_E2,RC17_before,Culture,ES,size
RC17_before_15_A3,RC17_before_15_A3,RC17_before,Culture,ES,size
RC17_before_15_H2,RC17_before_15_H2,RC17_before,Culture,ES,size
RC17_before_15_C3,RC17_before_15_C3,RC17_before,Culture,ES,size
RC17_before_15_H8,RC17_before_15_H8,RC17_before,Culture,ES,size
RC17_before_15_C7,RC17_before_15_C7,RC17_before,Culture,ES,size
RC17_before_15_G8,RC17_before_15_G8,RC17_before,Culture,ES,size
RC17_before_15_G9,RC17_before_15_G9,RC17_before,Culture,ES,size
RC17_before_15_F9,RC17_before_15_F9,RC17_before,Culture,ES,size
RC17_before_15_F8,RC17_before_15_F8,RC17_before,Culture,ES,size
RC17_before_15_A9,RC17_before_15_A9,RC17_before,Culture,ES,size
RC17_before_15_D9,RC17_before_15_D9,RC17_before,Culture,ES,size
RC17_before_15_E9,RC17_before_15_E9,RC17_before,Culture,ES,size
RC17_before_15_C9,RC17_before_15_C9,RC17_before,Culture,ES,size
RC17_before_15_E6,RC17_before_15_E6,RC17_before,Culture,ES,size
RC17_before_15_A4,RC17_before_15_A4,RC17_before,Culture,ES,size
RC17_before_15_G4,RC17_before_15_G4,RC17_before,Culture,ES,size
RC17_before_15_F4,RC17_before_15_F4,RC17_before,Culture,ES,size
RC17_before_15_F3,RC17_before_15_F3,RC17_before,Culture,ES,size
RC17_before_15_F7,RC17_before_15_F7,RC17_before,Culture,ES,size
RC17_before_15_D10,RC17_before_15_D10,RC17_before,Culture,ES,size
RC17_before_15_G10,RC17_before_15_G10,RC17_before,Culture,ES,size
RC17_before_15_D6,RC17_before_15_D6,RC17_before,Culture,ES,size
RC17_before_15_B1,RC17_before_15_B1,RC17_before,Culture,ES,size
RC17_before_15_G1,RC17_before_15_G1,RC17_before,Culture,ES,size
RC17_before_15_F1,RC17_before_15_F1,RC17_before,Culture,ES,size
RC17_before_15_B2,RC17_before_15_B2,RC17_before,Culture,ES,size
RC17_before_15_A2,RC17_before_15_A2,RC17_before,Culture,ES,size
RC17_before_15_D1,RC17_before_15_D1,RC17_before,Culture,ES,size
RC17_before_15_C2,RC17_before_15_C2,RC17_before,Culture,ES,size
RC17_before_15_H1,RC17_before_15_H1,RC17_before,Culture,ES,size
RC17_before_15_C1,RC17_before_15_C1,RC17_before,Culture,ES,size
RC17_before_15_F6,RC17_before_15_F6,RC17_before,Culture,ES,size
RC17_before_15_A1,RC17_before_15_A1,RC17_before,Culture,ES,size
RC17_before_15_E8,RC17_before_15_E8,RC17_before,Culture,ES,size
RC17_before_15_D8,RC17_before_15_D8,RC17_before,Culture,ES,size
RC17_before_15_H7,RC17_before_15_H7,RC17_before,Culture,ES,size
RC17_before_15_B6,RC17_before_15_B6,RC17_before,Culture,ES,size
RC17_before_15_A7,RC17_before_15_A7,RC17_before,Culture,ES,size
RC17_before_15_B7,RC17_before_15_B7,RC17_before,Culture,ES,size
RC17_before_15_B9,RC17_before_15_B9,RC17_before,Culture,ES,size
RC17_before_15_A8,RC17_before_15_A8,RC17_before,Culture,ES,size
RC17_before_15_B4,RC17_before_15_B4,RC17_before,Culture,ES,size
RC17_before_15_H3,RC17_before_15_H3,RC17_before,Culture,ES,size
RC17_before_15_C4,RC17_before_15_C4,RC17_before,Culture,ES,size
RC17_before_15_E4,RC17_before_15_E4,RC17_before,Culture,ES,size
RC17_before_15_D4,RC17_before_15_D4,RC17_before,Culture,ES,size
RC17_before_15_C8,RC17_before_15_C8,RC17_before,Culture,ES,size
RC17_before_15_B8,RC17_before_15_B8,RC17_before,Culture,ES,size
RC17_before_15_A10,RC17_before_15_A10,RC17_before,Culture,ES,size
RC17_before_15_A11,RC17_before_15_A11,RC17_before,Culture,ES,size
RC17_before_15_H9,RC17_before_15_H9,RC17_before,Culture,ES,size
RC17_before_15_B10,RC17_before_15_B10,RC17_before,Culture,ES,size
RC17_before_15_C10,RC17_before_15_C10,RC17_before,Culture,ES,size
RC17_before_15_F10,RC17_before_15_F10,RC17_before,Culture,ES,size
